origem_linha,real,previsto
21282,0,0
26976,1,0
26459,0,0
24182,0,0
16750,1,1
28959,0,0
28501,1,1
8430,0,0
29253,0,0
30350,0,0
27491,0,0
31646,1,1
14283,0,0
16022,0,0
5766,0,0
30676,0,0
17917,0,0
17528,0,0
31395,0,0
17792,0,0
12142,1,1
28225,1,1
31364,1,0
31065,0,0
21063,0,0
9875,0,0
4279,0,0
28513,0,0
29601,0,0
28452,0,0
26151,1,1
28060,0,0
27441,0,0
32429,1,1
27011,0,0
31097,0,0
7905,0,1
29945,0,0
9355,0,0
2554,0,0
9787,0,0
26507,0,0
26658,0,0
7843,1,0
504,1,1
23670,0,0
31592,0,0
12671,0,0
30889,0,0
6903,0,0
26394,0,0
3127,1,0
19759,0,0
18827,0,1
11559,0,0
20561,1,0
5832,0,0
8440,0,0
26018,0,0
17153,1,1
2693,0,0
1273,0,0
19986,0,0
17569,1,1
17438,0,0
10862,1,0
25997,0,0
13127,0,0
19687,0,0
32037,0,0
6139,0,0
4708,1,0
23742,1,0
2473,1,1
25080,1,1
22319,0,0
9122,0,0
17587,0,0
14649,1,1
10312,0,0
30580,1,0
8499,0,0
25412,0,0
30255,0,0
29409,0,0
23722,0,0
27545,0,0
7705,1,1
5764,0,0
24373,0,0
9302,0,0
26448,0,0
15293,0,0
31659,0,0
32155,0,0
8114,0,0
23631,0,0
30177,0,0
15381,1,0
13131,0,0
938,1,1
16444,0,0
23507,1,0
26974,0,0
28329,0,0
6193,0,0
21487,0,0
20201,1,1
7836,0,0
8442,1,1
26283,0,0
16132,0,0
2191,0,0
27862,0,0
14626,0,0
32553,0,0
10995,1,0
17494,0,0
24253,0,0
32109,0,0
32246,1,1
25992,0,0
22738,0,0
28010,1,1
17049,1,1
9529,0,0
11825,1,1
29162,0,0
13628,0,0
24436,0,0
11522,0,0
23953,0,0
8633,0,0
9569,0,0
7110,0,0
19480,1,0
27318,0,0
23481,1,1
16438,0,0
21289,1,0
15518,1,0
11043,0,0
17069,0,0
11855,0,0
12486,0,1
15037,0,1
8897,0,0
25687,0,0
4136,0,0
13420,0,0
23485,0,0
22306,0,0
1132,1,1
19666,0,0
13706,0,0
10166,1,0
5668,0,0
9688,1,1
20184,0,0
29934,1,1
16952,1,1
4438,0,0
94,1,1
29789,0,0
10845,0,0
4080,1,0
28259,1,1
26888,0,0
32362,0,0
23870,0,0
15500,0,0
17858,0,0
18376,1,1
1248,1,1
14104,0,0
29734,0,0
23467,0,0
24942,1,0
18629,0,1
6290,0,0
23279,0,0
27819,0,0
18256,0,0
6878,0,1
29949,0,0
4275,0,0
29935,0,0
29025,0,0
15399,0,0
12370,1,1
15052,0,0
3698,1,1
20588,0,0
30089,0,0
21268,1,1
64,1,1
19730,0,0
5864,0,0
31331,0,0
15556,0,0
14653,1,0
3590,0,0
23996,1,0
28890,0,0
4750,0,0
37,1,1
9157,1,1
6885,0,0
24601,0,0
31887,1,1
14228,0,0
7623,0,0
3344,0,0
11602,1,1
1804,1,1
9695,0,0
23522,0,0
30186,0,0
25446,0,0
1435,0,1
9138,0,0
20474,0,0
11019,0,0
21505,0,0
1323,0,0
1928,0,0
22657,0,0
8282,0,0
30268,0,0
24459,0,0
4201,0,0
28157,0,0
21881,0,0
20280,0,0
866,0,0
28706,0,1
19634,1,1
9575,0,0
15942,1,1
30383,0,0
10961,1,1
31336,0,0
25694,0,0
30097,0,0
14260,0,1
18025,0,0
15999,0,0
6159,1,1
20611,1,0
12287,0,0
16878,0,0
26408,0,0
32328,1,0
32177,0,0
27870,0,0
9082,0,0
6694,0,0
10586,0,0
14275,0,0
28808,0,0
4208,0,0
1911,0,0
9933,0,0
32169,0,0
3681,1,1
31262,0,0
8816,0,1
30253,1,1
3285,0,1
8542,1,1
6068,0,0
12822,0,0
6738,0,0
474,1,1
31123,0,0
3573,0,0
26041,0,0
28065,0,0
3886,0,0
2242,1,1
6186,0,0
15530,0,1
18320,1,1
23878,0,0
29560,1,1
13242,0,0
22084,1,1
18407,0,0
32344,1,0
14677,1,1
29278,1,1
11950,0,0
15337,0,0
14614,1,0
30545,0,0
16553,0,0
32220,0,0
11898,0,0
17048,0,0
30714,1,0
10905,0,0
20031,1,1
28685,0,0
15094,0,0
10446,1,1
28242,0,0
27467,0,0
8797,0,0
18543,1,1
29421,1,1
28832,1,1
31959,0,0
30944,0,0
27752,0,0
7586,1,0
8247,0,0
8016,0,0
23381,0,0
30806,0,0
20296,0,0
10374,0,0
30955,0,0
10530,1,1
9323,0,0
8801,1,1
13443,1,1
27575,1,1
30842,0,0
30445,0,0
25132,0,0
26330,0,0
28149,0,0
22627,0,0
27687,0,0
26545,0,0
19616,1,1
17134,0,0
6435,0,0
19347,1,1
25090,0,0
17435,0,1
26178,0,0
11159,0,0
21805,0,0
18432,0,0
18273,0,0
256,1,1
13385,0,0
17165,0,0
17670,0,0
6718,0,0
19907,1,1
5308,1,1
29441,0,1
20680,0,0
4151,0,0
2745,0,0
4091,0,0
10799,0,0
16253,0,0
21141,0,0
30130,0,0
15693,0,0
12641,0,0
10257,0,0
22530,0,0
14151,0,0
31906,0,0
20544,0,0
29887,0,0
12167,0,0
19297,0,0
19998,0,0
26804,0,0
30943,0,0
11314,0,0
19138,0,0
2670,0,0
21034,0,0
28965,0,0
28682,0,0
17103,1,1
14435,1,1
1870,0,0
10396,0,0
14620,1,1
15708,0,0
16041,0,0
917,0,0
15029,0,0
4427,0,0
24886,1,0
20890,1,1
17455,1,0
16930,0,0
6158,0,0
274,0,0
24581,0,0
272,1,1
4992,0,0
7818,1,1
23150,0,0
32392,0,0
30655,1,1
1389,0,0
18619,1,1
14230,0,0
26753,1,1
23147,0,0
31803,0,0
18188,0,0
1691,0,0
17258,0,0
19611,0,1
2894,0,0
12036,1,0
24834,1,0
7224,0,0
14803,0,0
25939,0,0
7861,0,0
9909,0,0
11475,0,0
15053,1,0
22454,0,0
2393,0,0
9595,0,0
3600,0,1
10455,0,0
9833,0,0
5075,0,0
25115,0,0
16954,0,0
25893,0,0
21854,0,0
30408,0,1
20570,1,1
5213,0,0
26942,0,0
28736,1,1
27671,0,0
5217,0,0
11257,0,0
5563,0,0
27363,0,0
16758,0,0
31946,0,0
29897,0,0
26349,0,0
29128,0,0
26736,1,0
9358,0,0
26274,0,0
3601,0,0
9291,0,0
27092,0,0
24753,0,0
7946,0,0
18942,0,0
31402,0,0
32011,0,0
30698,1,1
7084,0,0
20251,0,1
28305,0,0
16991,0,0
15797,0,0
22936,0,0
26075,0,0
3907,1,0
1450,1,1
31686,1,0
8852,0,0
31037,0,0
15238,0,0
2646,0,0
30276,0,1
4804,0,0
24108,0,0
19619,0,0
13040,1,0
28152,0,0
31301,0,0
24571,0,0
12846,0,0
18766,0,1
2557,1,1
28738,0,0
23662,0,0
22171,0,0
31194,0,0
32229,0,0
16339,0,0
3049,1,1
1635,0,0
28946,1,1
32195,0,0
12055,0,0
24135,0,0
2337,0,0
11403,0,0
5264,0,0
14334,0,0
3740,0,0
14893,0,0
6466,0,0
22154,0,0
1609,0,0
23846,0,0
18683,0,0
16382,0,0
13479,0,0
14683,0,0
3262,0,1
3058,0,0
11022,0,0
16854,0,0
30361,0,0
29093,0,1
8788,1,0
8685,0,0
7530,0,0
14404,0,0
31992,0,0
31454,0,0
27265,0,0
24185,0,0
23486,0,0
26532,0,0
9338,0,0
25763,0,0
4323,0,0
7288,1,1
23515,0,0
16519,0,0
26103,0,0
16150,0,0
7471,0,0
12697,0,0
11321,0,0
28062,0,1
12517,0,0
28115,1,1
32324,0,0
17212,0,0
10368,0,0
6509,0,1
15924,1,1
12942,0,0
18926,1,1
10850,0,0
27259,1,1
29686,0,0
16318,1,1
5129,0,0
12514,1,1
22906,0,0
18399,0,0
15850,1,1
16329,1,1
22754,0,0
15031,0,0
32576,0,0
18516,1,1
29700,0,0
3986,0,0
10100,1,1
12087,0,0
4531,0,0
28049,1,1
15246,0,0
20524,0,0
18146,1,0
889,1,0
4910,1,1
20895,0,0
25144,1,1
14579,0,0
19802,1,1
22121,0,0
3730,0,0
9181,0,0
30952,0,0
32345,0,0
30748,0,0
8884,0,0
21286,1,0
13821,0,0
5322,0,0
9490,0,0
27746,0,0
19702,0,0
12958,0,0
22951,0,0
6262,0,0
7808,0,0
26899,0,0
6431,0,0
18145,1,1
443,1,1
29106,1,1
26242,0,0
30630,0,0
9522,0,0
932,1,0
15521,0,0
9337,0,0
12508,0,0
11259,1,1
12785,0,0
29459,0,0
4110,1,0
6987,0,0
9722,0,0
30399,0,0
8777,0,0
11355,0,0
11835,0,0
6741,0,0
20331,0,0
8768,0,0
3647,0,0
10707,0,0
13621,0,0
8569,1,1
32231,0,0
32532,0,0
26369,0,0
20800,0,0
15148,0,0
11967,0,0
12510,0,0
20973,1,1
17429,0,0
11077,0,0
15351,0,0
26049,0,0
18315,1,1
15683,0,0
12295,0,0
27086,1,1
383,1,1
4799,0,0
14462,0,0
12175,1,1
2676,0,0
18710,0,1
7563,0,0
6954,0,0
29087,0,0
11584,1,0
19837,0,0
13863,0,0
240,1,1
25349,0,0
25735,0,0
20833,0,0
21923,1,0
1085,0,0
16545,0,0
4713,1,1
32026,0,0
27662,0,0
1136,1,1
427,1,1
27788,0,0
17037,1,0
6371,0,0
18473,1,1
26699,0,0
12794,1,1
12700,0,0
5616,0,0
26309,0,0
206,1,1
29794,0,0
5243,1,1
29793,0,0
23099,0,0
22325,0,0
23972,0,0
27681,0,0
25872,1,1
23899,1,0
16899,0,0
6842,0,0
7397,0,0
18773,0,0
15902,1,1
1648,0,0
10068,1,1
17446,0,0
26632,0,0
27727,0,1
19536,0,0
4726,0,1
2118,0,0
6978,0,0
2580,0,0
10656,0,0
10692,1,1
27606,0,0
14547,0,0
15305,0,0
9415,0,0
2997,0,0
23942,0,0
22174,0,0
6815,1,1
1618,0,0
2578,0,0
29013,0,0
20936,0,0
16036,1,1
24282,1,0
21648,0,1
25547,0,0
27658,0,0
17727,1,1
16995,0,0
4267,0,0
13410,0,0
15930,1,1
2979,0,1
3091,1,1
19452,0,0
18568,0,0
20450,0,0
13170,0,0
14489,0,0
21643,0,0
8650,0,0
401,1,1
10031,0,0
9439,0,0
17974,0,0
14895,0,0
16203,0,0
2570,0,0
471,1,1
11415,1,1
30577,0,0
3947,0,0
25524,0,0
31609,0,0
12580,0,0
8193,1,1
16700,0,0
21806,0,0
12861,0,0
26130,1,1
372,0,0
132,1,1
13330,0,0
7674,0,0
140,0,0
7413,0,0
29925,0,0
4414,0,0
12763,0,0
27881,1,0
20722,0,0
11650,1,1
24913,0,0
9328,0,0
22534,0,0
28365,0,0
23046,0,0
21987,1,1
31004,0,0
10343,0,0
25172,1,1
3531,0,0
24813,1,0
13332,1,0
23213,0,0
18266,1,1
3794,0,0
10546,0,0
26863,0,0
27204,0,0
13112,0,0
30126,0,0
19058,1,1
30778,1,1
1437,0,0
26099,0,0
8488,0,0
24134,0,0
9069,0,0
15234,0,0
14944,0,0
33,0,0
28563,0,0
25429,0,0
29627,0,0
23249,0,0
16965,0,1
1230,1,1
4061,0,0
26027,0,0
30342,0,0
25021,1,1
13820,0,0
19029,0,0
14009,0,1
3879,0,0
23615,0,0
4246,0,0
24468,1,1
19275,1,1
21799,0,0
8479,0,1
22038,0,0
7323,0,0
29696,0,0
24199,1,1
93,1,1
18958,1,1
6670,0,0
21076,0,0
1962,0,0
21035,0,0
5168,0,0
24650,0,0
4500,1,1
1527,1,1
23451,0,0
25527,0,0
22059,0,0
13460,1,1
36,1,1
9540,0,0
13880,0,0
23711,0,0
13695,0,0
29574,0,0
16363,0,0
10897,0,0
8770,0,0
24829,0,0
5977,0,0
4592,0,0
8005,0,0
16956,0,0
5316,0,0
6923,0,0
21970,0,0
10993,0,0
14022,0,0
5299,1,1
18951,0,0
5738,1,0
331,0,0
9505,0,0
19214,0,0
22130,0,0
17343,1,0
5531,0,0
18066,1,1
26452,0,0
19877,1,1
6252,0,0
18618,0,0
30086,0,0
14078,0,0
3796,0,0
3515,0,0
15765,0,0
11503,0,0
10909,1,1
30650,0,0
22224,0,0
15637,0,0
1010,0,0
13723,0,0
5353,0,0
4074,0,0
7442,1,1
7430,1,0
10658,0,0
25899,0,0
21614,0,0
20459,0,0
28542,0,0
5961,0,0
30523,0,0
21658,0,0
22584,0,0
28035,0,0
15448,0,0
4157,0,0
8863,0,0
20737,1,0
3837,0,0
15958,1,1
13564,0,0
28092,0,1
16167,1,0
23885,0,0
13156,0,0
32400,0,0
8822,0,0
23584,1,1
10424,1,1
31247,0,0
17336,0,0
7826,0,0
25969,1,1
15226,0,0
18878,0,0
25026,0,0
398,0,0
12218,1,1
10614,0,0
4940,0,0
22829,0,0
20538,0,0
24293,0,0
5158,0,0
17931,0,1
25801,0,0
18919,0,0
15447,0,0
2614,0,0
8869,0,0
26628,0,0
6821,0,0
11971,0,0
10345,1,1
12110,0,0
7593,0,1
1519,0,0
29792,0,0
14012,1,0
1906,1,1
22638,0,0
28306,0,0
22002,1,1
24133,0,0
4073,0,0
2069,1,1
31280,1,1
29617,0,0
17075,0,0
18169,0,0
15162,0,0
30055,0,0
30037,0,0
9487,0,0
1401,0,0
17431,0,0
30822,0,0
31764,0,0
5945,0,0
16345,0,0
30321,0,0
19813,1,1
4929,0,0
2729,0,0
25883,0,0
25921,0,0
350,0,0
23762,0,0
19340,1,1
27710,0,0
31831,0,0
4491,0,0
5309,1,1
12557,0,0
26971,0,0
20969,0,0
2499,0,0
13742,1,0
7653,0,0
26709,0,0
13848,0,0
31855,0,0
26970,0,0
11992,0,0
21092,0,0
19883,0,0
3646,0,1
13336,0,0
30421,0,0
27940,0,0
23233,0,0
18132,0,1
10109,0,0
12576,0,0
32094,0,0
14671,0,0
8761,0,0
16914,1,1
28371,1,1
17208,0,0
31030,0,0
3345,0,0
12923,0,0
14047,0,0
8513,1,0
6190,0,0
12460,0,0
15247,1,1
22567,0,0
3544,0,0
31408,0,0
19842,0,0
13547,0,0
22528,1,1
32516,0,0
31843,0,0
16389,0,0
25662,0,0
12842,0,0
26179,0,0
10227,0,0
31600,0,0
28341,0,0
1657,1,1
1926,0,0
16630,0,0
24518,0,0
26599,0,0
30725,0,0
25288,1,1
4742,0,0
698,1,1
31203,0,1
22618,0,0
24758,0,0
25486,0,0
24790,0,0
19040,0,0
27937,0,0
13735,0,0
24296,0,0
27395,0,0
2619,0,0
2795,0,0
23497,0,0
9035,0,0
17314,0,0
2558,0,0
32404,0,0
25331,0,0
19808,1,1
9398,0,0
7900,0,0
12298,1,1
27417,0,0
18877,0,0
4823,0,0
13314,0,0
23908,1,1
24003,0,1
14973,0,0
18771,0,0
29938,0,0
14923,1,1
4039,0,0
25818,0,0
11076,0,0
4198,0,0
27426,0,0
19469,0,1
12586,1,1
14703,0,0
1322,0,0
9144,1,1
29497,0,0
26131,1,1
9461,0,0
30701,0,0
16801,0,0
30249,0,0
3384,0,0
13907,0,0
14737,1,1
11286,0,0
28750,1,1
24254,0,0
11025,0,0
11358,0,0
32504,0,0
23043,0,0
26191,0,0
27009,0,0
4711,0,0
32446,0,0
31374,0,0
18079,0,0
1606,1,0
13533,0,0
8413,1,1
30191,0,0
4219,0,0
678,1,1
11714,0,0
29554,0,0
6478,0,0
54,0,0
22742,0,0
21481,0,0
24666,0,0
6806,0,0
23192,1,1
7714,0,0
21638,0,0
1689,0,0
14974,1,1
16466,1,1
13962,0,0
30478,0,0
30167,0,0
8010,0,0
29307,1,1
28342,0,0
24836,0,0
15250,0,0
26184,0,0
2813,1,0
16575,0,0
2771,0,0
7572,0,0
12352,0,0
2542,0,0
25865,1,1
22590,0,0
31163,0,0
2362,1,1
28084,0,0
22575,0,0
21479,0,1
526,1,0
2944,0,0
4006,0,0
6377,0,0
10748,0,0
62,1,0
1496,0,0
21470,1,1
32248,0,0
29384,0,0
12569,0,0
8070,1,0
20043,0,0
12461,0,0
30300,0,0
15102,0,0
25707,0,0
25258,0,0
16072,0,0
9248,0,0
11338,0,0
18843,0,0
32481,0,0
5330,0,0
20444,1,1
10373,0,0
27755,0,0
30538,0,1
7013,0,0
32075,0,0
1662,0,0
17405,1,1
8460,1,1
14780,0,0
18537,1,1
23863,0,0
19332,1,1
21293,0,0
6104,1,1
18034,1,1
22712,0,0
28012,1,0
23223,0,1
17105,0,0
10516,1,0
20929,0,0
20049,0,0
30145,1,0
9582,0,0
5821,0,0
6969,1,0
15957,1,0
32503,0,0
16482,0,1
10529,1,1
3849,0,0
22474,0,0
13531,0,0
26174,0,0
12946,0,0
31756,0,0
13283,0,0
7163,1,1
24014,0,0
27894,1,1
6209,0,0
20344,0,0
4578,0,1
21467,1,1
31210,0,0
18689,1,1
2586,0,0
13369,0,0
13085,0,0
10429,1,1
27161,0,0
7103,0,0
8180,0,0
21464,0,0
24439,0,0
31358,0,0
10882,0,0
14159,0,0
299,0,0
19065,0,0
8817,0,0
14389,0,0
29606,0,0
13764,0,0
829,0,0
23081,0,0
10195,0,0
8810,0,0
15181,0,0
22024,0,0
21965,1,0
2762,0,0
9325,0,0
15282,0,0
26913,0,0
2349,0,0
31591,0,0
30969,0,0
31234,0,0
949,1,1
21434,0,0
3519,0,0
14064,0,0
22181,0,0
31269,0,0
24204,0,0
11875,0,0
26013,0,0
8607,0,0
11118,0,0
17164,1,1
1868,0,0
13812,0,0
23224,0,0
32269,1,1
6127,0,0
303,1,1
18358,1,1
5656,0,0
825,1,1
13902,0,0
9599,0,0
11556,0,0
22527,0,0
16936,0,0
31147,0,0
4463,0,0
23186,1,1
26199,0,0
1306,1,1
31222,0,0
4517,0,0
1643,0,0
8457,1,1
15463,0,0
2700,0,1
26601,0,0
2885,0,0
3009,0,0
28640,1,1
29464,0,0
5283,0,0
27140,0,0
23921,0,0
2145,0,0
19990,0,1
17228,0,0
15754,0,0
12276,1,1
12237,0,0
3140,0,0
9763,1,1
9777,1,1
24086,0,0
12731,0,0
9532,0,0
14004,0,0
9661,0,0
14253,0,0
3019,0,0
14964,0,0
2629,0,0
20139,0,0
30510,0,0
26223,0,0
12289,0,0
18772,0,0
15881,1,1
15098,0,0
16201,0,0
21263,1,1
18468,1,0
17147,0,0
25441,0,0
20597,0,0
10099,0,0
582,1,1
13780,0,0
28355,0,0
20507,0,0
26670,1,1
2976,1,1
4526,0,1
29749,0,0
22753,0,0
16027,1,1
29948,0,0
10629,0,0
2757,0,0
19118,1,1
18203,1,1
7243,0,0
11089,0,0
8125,0,0
3266,1,1
9844,0,0
22355,1,0
8192,0,0
16383,0,0
3428,0,0
11441,0,0
4399,0,0
23658,1,1
7310,0,1
4490,0,0
21446,0,0
31107,0,0
7104,0,1
25743,0,0
10632,1,0
7515,1,1
16701,0,0
28003,0,0
13836,1,1
12316,1,1
9279,0,0
4988,0,0
18017,0,0
29888,0,0
11419,0,0
24646,0,0
20455,0,0
17482,0,0
11933,1,0
4903,0,0
9672,1,0
19460,0,0
11639,0,0
1664,0,0
30477,0,0
25711,0,0
20055,0,0
16159,0,0
7542,0,0
7788,0,0
18313,0,0
8185,0,0
22294,0,0
7266,0,0
18326,1,1
8886,0,0
23674,0,0
14658,1,0
4004,0,0
11395,1,1
21408,0,0
19178,0,0
8144,0,0
6544,0,0
6673,0,0
31931,0,0
16865,1,1
23411,1,1
5331,0,0
9751,0,0
25352,0,0
29452,1,1
3931,0,0
27262,0,0
5360,0,0
5800,0,1
10180,1,1
31835,1,1
1781,0,0
27517,0,0
4950,1,0
24412,0,0
26566,0,0
21269,0,0
25465,0,0
30434,0,0
15085,0,0
30710,0,0
17388,0,0
3337,0,0
6029,0,0
4588,0,0
24585,0,0
26966,0,0
12879,0,0
29322,0,0
12483,0,0
12598,0,0
5211,0,0
27621,0,0
18770,1,0
5350,0,0
18670,0,0
17058,1,1
26605,0,1
25856,0,0
8249,0,1
12676,0,0
7183,0,0
23378,0,0
27791,0,0
5336,0,0
28951,0,0
5574,0,1
6814,0,0
1930,1,1
15911,0,0
5240,0,0
26946,0,0
28243,0,0
7254,0,0
23333,1,1
3777,0,1
30705,1,1
29391,0,0
7418,0,0
348,0,0
12999,0,0
23025,0,0
29019,0,0
30597,0,0
25443,0,0
23374,0,0
21552,0,1
9101,1,1
29801,0,1
2413,1,0
18319,1,1
28789,1,0
26332,0,0
25338,0,0
27629,0,0
27922,0,1
13298,0,0
28161,1,1
29108,0,0
410,0,0
6557,0,0
28791,0,0
5919,0,0
30052,0,0
28988,0,0
17581,0,0
27165,0,0
10143,0,0
31261,0,0
8789,0,0
24491,0,0
10233,0,0
30838,0,0
26253,0,0
25786,0,0
6180,0,0
7011,0,0
4338,0,0
12233,1,1
385,1,1
19819,0,0
30851,1,1
7412,0,0
21928,0,0
12862,0,0
2494,1,1
23044,0,0
27440,0,0
22245,1,0
7380,0,0
18764,1,1
14907,0,0
22691,0,1
20126,0,0
9942,0,0
27954,0,0
16894,1,1
31812,0,0
29134,1,1
20654,0,0
3185,0,0
21478,0,1
15201,0,0
5863,0,0
30849,1,1
7012,0,0
5474,0,0
24976,0,0
7114,0,0
18235,0,0
820,0,0
24928,0,0
17471,0,0
27867,0,0
9084,0,0
14470,0,0
797,0,0
17109,0,0
2228,0,0
27784,0,0
16178,0,0
18106,1,0
12428,0,0
25700,0,0
22279,0,0
439,0,0
21492,0,0
29684,0,0
27332,0,0
18229,1,1
20319,1,0
20134,0,0
23755,0,0
32216,1,1
1365,0,0
26869,0,0
1900,0,1
25643,1,0
10408,0,0
12869,1,1
16427,0,0
26842,0,0
16555,0,0
3324,0,0
10392,1,1
2626,0,0
9756,0,0
25544,0,0
21280,0,0
19331,0,0
28926,0,0
31091,0,0
5238,1,1
30104,0,0
32480,1,1
4388,0,0
22997,1,1
22012,1,0
24593,0,0
23270,0,0
4851,0,0
5633,0,0
7350,0,0
13995,0,0
24371,0,0
28006,0,0
13662,0,0
16543,0,0
25374,0,0
19017,0,0
15719,0,0
9840,0,0
914,0,0
18622,0,0
28683,0,0
18515,0,1
17349,0,1
12302,0,0
7724,0,0
14396,0,0
26935,1,1
27999,0,0
18398,1,1
6609,0,0
27334,0,0
6148,0,0
12900,0,0
29898,0,0
1988,1,0
27326,0,0
21239,0,0
13619,0,0
31799,0,0
15077,1,1
8263,0,0
26067,0,0
6637,0,1
18439,0,0
21773,0,0
9861,0,0
3090,0,0
15938,1,1
11691,0,0
12049,0,0
7668,0,0
30324,0,0
15727,0,0
12228,1,0
14707,1,1
24972,1,1
17674,0,0
24568,0,0
23750,0,0
2758,0,0
14493,0,0
22119,0,0
17714,1,1
28895,0,0
8191,1,1
27850,0,0
9336,0,0
9972,0,0
4045,0,0
14371,0,0
18864,0,1
10387,1,1
426,1,1
15216,0,0
454,0,0
1659,0,0
5110,1,0
31728,1,1
8183,0,0
11573,0,1
18377,0,0
11827,1,0
32284,0,0
29596,1,1
5251,1,1
32550,0,0
7253,0,0
22282,0,0
24146,0,0
30502,0,1
6090,0,0
30642,0,0
30002,0,0
32046,1,1
15155,0,0
6395,0,0
11050,0,0
10633,0,0
5407,0,0
15160,0,0
9720,0,0
26897,0,0
11126,0,0
10002,1,0
2105,0,0
2219,0,0
18154,1,1
6934,0,0
221,0,0
6558,0,0
9031,1,1
11284,0,0
22140,1,1
17631,1,1
8330,0,0
13241,0,0
20863,1,1
14053,0,0
9610,0,0
19836,0,1
13941,0,0
21317,0,1
27237,1,0
25602,0,0
12170,0,0
416,1,1
28899,1,1
7782,0,0
27507,0,1
28862,1,1
31673,0,0
14966,0,0
12952,0,0
10311,1,1
41,1,1
14913,1,1
25371,0,0
690,1,1
15149,0,0
25055,1,1
32369,0,0
25182,0,0
24181,0,0
17156,0,0
20214,0,0
6412,0,0
14480,0,0
30911,0,0
28289,0,0
13264,0,0
12661,0,0
30685,0,0
22402,0,0
20493,0,0
23457,0,0
3570,1,0
12215,0,0
11157,0,0
15303,0,0
27058,0,0
1745,0,0
21058,0,0
6627,1,1
12158,0,0
8194,1,1
13250,0,0
12260,0,0
32355,0,0
22664,0,0
4167,0,0
29704,0,0
13399,0,0
7345,1,0
20092,0,0
24848,0,0
19281,1,1
30515,1,0
11828,0,0
22308,0,0
1621,1,1
12417,0,0
20040,1,0
17582,0,0
3709,0,0
20741,0,0
8059,0,1
21731,0,0
7281,0,0
17876,0,0
4300,0,0
3322,0,0
18499,1,1
13777,0,0
17526,1,0
13640,1,0
3510,1,1
30211,0,0
4937,0,0
30063,0,0
28570,0,0
4155,0,0
28882,0,0
14810,1,1
26031,0,0
14472,0,0
9536,0,0
13417,0,0
17301,0,0
15828,0,0
1981,0,0
1433,0,0
23268,0,0
24896,1,1
1772,0,0
12450,0,0
25974,0,0
32034,0,0
10763,0,0
15782,1,1
732,1,1
710,0,0
14757,0,0
29483,0,0
5496,0,0
21135,1,1
20145,0,0
27591,1,0
28850,0,0
18777,0,0
26083,1,1
28079,0,0
13843,0,0
30090,0,0
15382,0,0
12255,1,1
2328,1,0
7820,0,0
6311,1,0
32009,0,1
12960,0,0
27678,0,0
7477,0,0
16890,0,0
449,0,0
30023,1,0
30831,0,0
6851,0,0
4673,1,0
6002,0,0
26506,1,1
23089,0,0
16872,0,0
26940,1,1
11462,0,0
30307,0,0
17836,1,1
3891,0,0
16780,0,0
31700,0,0
10151,0,0
15357,0,0
20438,0,0
20820,0,0
24240,0,0
32419,0,0
31046,0,0
18996,0,0
11181,0,1
15678,0,0
11989,0,0
28787,0,0
17902,1,1
31211,0,0
32174,1,1
1815,0,0
18325,1,1
1383,1,1
18964,0,0
23703,0,0
12174,1,1
17138,0,0
6168,1,1
26024,1,1
18413,1,0
24165,0,0
14475,0,0
8520,0,1
9579,0,0
12806,0,0
6052,0,0
923,1,1
6714,0,0
27614,0,0
12916,0,0
28063,0,0
15798,0,0
19272,1,1
13617,0,0
2812,0,0
22839,0,0
4649,1,1
29982,0,0
13665,0,0
14639,1,0
24764,0,0
30258,0,0
11048,0,0
27048,1,1
31576,0,0
31557,1,1
29295,1,1
11209,0,0
25197,0,0
12730,0,0
15849,0,0
1787,0,0
30443,0,0
24231,0,0
29802,0,0
21503,1,0
26384,0,0
15532,1,1
32196,0,0
32180,0,0
3835,1,1
18483,0,0
7629,0,1
1370,0,0
30801,0,0
4585,0,0
25413,0,0
13098,0,0
8991,0,0
14320,0,0
4636,0,0
1847,1,0
6638,0,0
9691,0,0
2312,0,0
16045,0,0
28821,0,0
13955,0,0
2854,0,0
22630,0,0
11113,0,0
9966,1,1
4869,0,0
15696,1,1
29762,0,0
8378,0,0
24644,0,0
3191,0,0
21801,1,1
8975,0,1
21216,0,0
407,1,1
17479,0,0
30352,0,0
10729,0,0
22278,0,0
12787,0,0
5916,0,0
29683,0,1
793,0,1
16994,1,1
2493,1,1
8217,0,0
28735,0,0
765,0,0
23526,0,0
32115,0,0
22992,0,0
25647,0,0
13784,0,1
25518,0,0
25931,0,0
17427,1,1
10987,1,0
19589,1,1
8461,0,0
14747,1,1
27797,0,0
10318,0,0
12184,0,0
30414,1,1
10121,0,0
20638,1,0
12918,1,0
13766,0,0
17149,1,1
2423,1,1
14935,0,0
8159,1,1
22225,0,0
13272,0,0
29699,0,0
9939,0,0
13161,0,0
20342,0,1
8862,0,0
3369,0,0
7466,0,0
18010,1,1
26573,0,0
10160,0,0
30141,0,0
29532,0,0
32339,1,0
2330,0,0
13967,0,0
11970,0,0
31119,0,0
6553,0,0
28859,0,0
4735,0,0
27577,0,0
28977,0,0
20713,0,0
18006,1,1
13696,0,0
22960,0,0
26641,0,0
10464,1,1
15358,0,0
2394,1,1
10931,0,0
26364,0,0
20266,0,0
29741,0,0
12436,0,0
21158,0,0
17600,0,0
23013,0,0
30922,0,0
1696,0,0
14636,0,1
29126,0,0
13743,0,0
17536,0,0
21927,0,0
6996,1,1
23993,0,0
7522,0,0
5112,0,0
20539,0,0
476,1,1
32491,0,0
6765,0,0
9649,0,0
13904,0,0
30473,0,0
26650,0,0
16216,1,1
24595,0,0
27184,0,0
16688,1,1
434,0,0
25537,1,1
8791,0,0
7174,0,0
30244,0,0
21797,0,1
4420,0,0
22180,0,0
20775,0,0
15090,0,1
12106,0,0
29102,0,0
415,1,1
31452,1,1
22214,0,0
3309,0,0
22243,0,0
11541,0,0
8610,1,1
5544,0,0
9273,0,0
16307,0,0
20282,0,0
4905,0,0
20963,0,0
7041,0,0
19079,1,1
13327,0,0
24155,0,0
31214,1,0
11331,1,0
24657,1,0
19152,0,0
3701,1,1
22193,1,1
5857,0,0
2032,1,0
31564,0,0
21423,0,0
1531,0,0
22725,0,0
30073,1,1
29400,1,1
4748,1,1
13451,0,0
20402,1,0
8297,0,0
15440,0,1
8974,0,0
26144,1,1
1113,0,0
14633,0,0
27539,0,0
6522,1,1
30095,0,0
30782,1,1
13141,0,0
1245,1,1
11084,0,0
25930,0,0
6187,0,0
18162,1,1
30309,0,0
22110,0,0
3366,0,0
10264,0,0
27501,0,0
30189,0,0
10558,0,0
28454,0,0
2588,1,1
24385,0,0
29226,0,0
31460,0,0
28128,0,0
12221,0,0
15885,0,0
22340,0,1
30469,0,0
11963,0,0
28829,0,0
13175,0,0
26140,0,0
25998,0,0
21220,0,0
204,1,1
25367,0,0
27802,1,1
2183,0,0
27556,1,0
18903,0,1
17237,0,0
17039,1,1
4862,0,0
622,1,1
23860,0,0
30416,0,0
27766,0,0
4264,0,1
6304,0,0
5530,1,0
13738,0,0
13077,0,0
533,0,0
8062,0,0
14755,0,0
16713,0,0
17607,0,1
6430,0,0
30635,0,0
23226,0,0
5614,1,1
13664,0,0
18870,0,0
31468,0,0
29465,0,0
7468,0,0
15176,0,0
20911,0,0
4844,0,0
31398,0,0
23773,1,1
28820,0,0
10384,0,0
8126,0,0
24947,0,0
22969,0,0
1985,0,0
13933,0,0
16631,1,1
26704,0,0
235,0,0
20379,0,0
31978,0,0
29805,0,0
20681,0,0
22250,0,0
22653,0,0
24878,1,1
22658,0,0
15730,0,0
2023,0,0
10070,1,0
20081,1,1
25307,0,0
13994,0,1
3236,0,0
1549,0,0
10359,1,1
27069,0,0
22290,0,0
20656,0,0
3269,0,0
308,1,1
5436,0,0
15554,0,0
16861,0,0
9026,1,0
1175,1,1
24019,0,0
32492,0,0
28252,0,0
15133,0,0
22262,0,0
22766,0,0
17297,0,0
27697,0,0
30670,0,0
9472,0,0
12275,1,1
887,1,0
17657,0,0
29917,1,1
14899,0,0
28483,0,0
6626,0,0
3634,0,0
18814,1,1
31105,0,0
14852,0,0
578,1,1
12082,0,0
13220,0,0
6344,0,0
22040,0,0
2818,1,0
7627,0,0
26791,1,1
5460,0,1
3859,1,0
20920,0,0
3299,0,0
6620,1,0
13856,1,1
17925,0,0
1061,0,0
29290,0,0
26280,0,0
728,1,0
6981,0,0
27708,0,0
17719,0,0
1960,0,0
8631,0,1
8262,0,0
22854,1,1
4387,0,0
26998,0,1
8749,0,0
29706,0,0
30959,0,0
16512,0,0
20452,0,0
3027,0,0
1547,0,0
15955,0,0
9123,0,0
3831,0,0
16495,0,0
19936,0,0
24895,0,0
28927,0,0
15025,0,0
9822,1,1
3032,0,0
17632,0,0
13275,0,0
5518,0,0
29266,0,0
7258,1,0
13497,0,0
27356,0,0
2376,0,0
8305,0,0
1154,1,1
20914,0,0
21073,0,0
25566,0,0
17199,1,0
3774,0,0
701,0,0
7353,0,0
23151,0,0
25043,1,1
22410,0,0
11491,0,0
29378,0,0
17660,1,1
23928,0,0
13486,1,0
28221,0,0
26819,0,0
14218,0,0
24271,0,0
27486,0,0
11844,0,0
14479,0,0
10369,1,1
9262,1,1
18979,0,0
5125,0,0
28774,0,0
1398,0,0
15660,0,0
30490,0,0
8643,0,0
1677,0,0
30389,0,0
24267,1,0
6825,0,0
24116,0,0
9066,0,0
27891,1,1
1860,1,1
3380,0,0
9903,0,0
21364,0,0
360,0,0
32182,0,0
12058,0,1
17488,0,0
28089,0,0
14568,0,0
10186,1,0
2117,0,0
8754,1,1
14076,0,0
29199,1,1
21463,1,0
17668,0,0
28667,0,0
15605,0,0
29002,1,1
20028,0,0
6576,1,0
15717,0,0
4745,0,0
2684,0,0
3398,0,0
13471,0,0
29292,0,0
3479,1,1
19584,0,0
9630,1,1
23198,1,1
21321,0,1
248,0,0
24647,0,0
8953,1,1
27425,1,1
6915,0,0
22098,0,0
18789,0,0
3660,0,0
5451,0,0
27255,0,0
19484,0,0
24411,0,0
4226,0,0
21155,0,0
7058,0,0
25418,0,0
12493,0,0
5105,1,0
1495,0,0
22883,0,0
20540,0,0
23514,0,0
31232,1,1
11685,1,1
28912,0,0
9422,0,0
2407,0,0
3056,1,1
14843,0,0
30279,0,0
11618,0,0
6630,0,0
5990,0,0
9313,0,0
13052,0,0
19102,0,0
27407,0,0
20231,0,0
7431,0,1
3057,0,1
13458,0,0
14776,0,0
5538,0,0
1921,0,0
20200,0,0
30076,0,0
31342,1,1
15809,1,1
29562,0,0
6254,0,0
2150,0,0
7150,0,0
7596,0,1
5425,0,0
14242,0,0
13694,0,0
27843,0,0
3925,0,0
30721,0,0
26435,1,1
16678,0,0
14729,1,1
24055,0,0
13361,0,0
10306,0,0
28582,0,0
21893,0,0
29614,0,0
28903,1,0
27488,0,0
21039,0,0
12898,0,0
1202,0,0
10751,0,0
19426,0,0
12178,0,0
31458,1,1
14986,0,0
22440,0,0
28842,0,0
8169,0,0
14109,0,0
17082,0,0
2232,0,0
3123,0,0
22571,0,0
6456,0,0
30067,0,0
7709,0,0
812,1,0
1177,0,0
24489,0,0
28464,0,0
18434,0,0
21261,0,0
8523,0,0
22608,0,0
29326,0,0
15541,0,0
982,1,1
11993,0,0
4576,1,0
14460,0,0
28554,0,0
1557,0,0
21456,0,0
2671,1,0
26003,0,0
17219,0,0
29425,1,0
31112,0,0
4792,0,0
10101,0,0
656,1,1
5302,0,0
22033,0,0
3296,0,0
21127,0,0
17938,1,1
32171,1,1
24892,0,0
8538,0,0
14488,0,0
24276,0,0
21811,1,1
16733,0,0
5117,0,0
6486,1,1
8441,0,0
11040,0,0
15682,0,0
17407,0,0
10711,0,0
17934,1,1
27386,0,0
4730,0,0
6346,0,0
20398,0,0
11496,0,0
5583,0,0
30920,0,0
24876,0,0
18475,1,0
23384,0,0
15778,0,0
20206,1,1
28302,0,0
7445,0,0
26602,0,0
29536,0,0
26142,1,1
8384,0,0
4443,0,0
23698,0,0
30083,0,0
28796,0,0
14554,0,0
3028,0,0
22265,0,0
7102,0,0
23158,1,1
17535,0,0
16536,0,0
22819,0,0
25341,0,0
10344,0,0
8764,0,0
824,0,0
6545,0,0
8952,0,0
21033,0,0
19876,0,1
22913,0,0
18474,0,0
10282,0,0
28727,1,0
746,0,0
17841,1,1
32321,1,1
2447,0,0
9195,1,1
6389,0,0
2475,1,1
11364,0,0
6766,1,1
22274,0,0
8129,0,0
14032,0,0
705,1,1
4011,0,0
4977,0,0
19221,0,0
18581,0,0
3282,1,1
13669,0,0
19573,1,1
25673,1,1
11838,0,0
1206,0,0
6956,0,0
10450,1,1
23123,0,0
17905,0,0
23416,0,0
5524,1,1
32224,0,0
6955,0,0
29979,0,0
450,0,0
28725,0,0
16415,0,0
14487,1,0
31748,0,0
5618,0,0
30038,0,0
25399,0,0
1793,1,1
29062,0,0
26279,0,0
21424,0,0
20508,0,1
16635,0,0
6056,0,0
24020,0,1
15733,1,1
1799,0,0
2955,0,0
31128,0,0
12532,1,0
7669,0,0
143,1,1
23600,0,0
27432,0,0
703,0,0
32068,0,0
21894,1,0
28293,0,0
7018,0,0
29850,0,0
32579,0,0
12500,0,0
27214,0,0
5195,0,0
2673,0,0
18551,0,1
23087,0,0
12599,1,0
22116,1,0
10925,0,0
9633,0,0
6208,0,0
47,1,1
25287,0,0
1901,0,0
5696,0,0
9761,1,1
31534,0,0
29099,0,0
19566,1,1
27818,0,0
10956,0,0
26107,0,0
31390,0,1
2421,0,0
29370,0,0
6695,0,0
12990,1,1
31253,0,0
15203,0,0
18270,0,0
2946,0,0
20349,1,1
3795,0,0
25635,0,0
2675,0,0
22617,0,0
12180,1,1
24785,0,0
31880,0,0
9417,0,0
13563,0,0
15613,0,0
18562,1,1
31159,0,0
22517,0,0
12866,0,0
15662,0,0
22021,0,0
7181,0,0
480,0,0
11065,0,0
25748,0,0
3095,0,0
15496,0,0
5202,0,0
5963,0,0
11572,0,0
23452,0,0
10577,1,1
20751,0,0
10439,0,0
25176,0,0
7229,0,0
26854,1,1
25222,0,0
22974,0,0
27781,1,1
10364,0,0
8276,1,1
20149,0,0
17360,0,0
19341,0,0
15411,0,0
15872,1,1
4021,0,0
14917,0,0
20083,1,1
24613,0,0
3244,1,0
18572,0,0
10485,0,0
23326,0,0
7401,0,0
13195,0,0
20996,1,1
19351,1,1
340,0,0
31702,0,0
1596,0,0
27152,1,1
23552,0,0
15629,1,1
14997,0,0
1608,0,0
997,0,0
1709,0,0
23544,0,0
28747,0,0
25350,0,0
21606,0,0
13039,0,0
7019,0,0
27677,0,0
19122,0,1
13937,0,0
9304,1,0
12026,0,0
28086,0,0
7034,1,1
5787,1,1
8534,0,0
163,1,1
4843,0,0
23927,0,0
14040,0,0
10421,1,1
3041,0,0
14806,1,0
8612,1,1
14578,0,0
30024,0,0
7961,0,0
31565,0,0
13318,0,0
8596,0,0
12081,0,0
6585,0,0
8705,0,0
15331,0,0
5804,0,0
11928,1,1
23183,1,1
23701,0,0
12363,1,0
22837,0,0
11831,0,0
18492,0,0
26925,0,0
628,1,1
12207,1,1
17380,1,1
1063,0,0
295,1,1
25159,0,0
24967,0,0
23503,0,0
4810,1,1
25434,0,0
17634,1,0
2156,0,0
13945,0,0
11901,0,0
6086,0,1
20551,0,0
23012,0,0
8603,1,1
1958,0,0
2250,1,1
28677,1,1
27059,0,0
22825,1,0
27451,0,0
32138,0,0
30783,1,0
21883,0,0
19032,0,0
13622,1,1
6896,0,1
2006,1,1
3078,0,0
24688,0,0
10479,0,0
27635,0,0
24337,0,0
4785,1,0
24009,0,1
31003,0,0
23093,0,0
3844,0,0
13115,0,0
4732,0,0
21230,0,0
22544,0,0
12590,0,0
20461,0,0
11492,0,0
26755,1,1
15880,1,1
29612,0,0
12489,0,0
3303,0,0
8672,0,0
8993,0,0
26068,0,0
13858,0,0
1324,1,0
19115,0,0
9510,0,0
28074,0,0
22108,0,0
6824,0,0
3766,0,0
26526,1,1
29797,0,0
30085,0,0
24850,0,0
22666,0,0
5453,0,0
30333,0,0
1149,0,0
14014,0,0
1203,0,0
21078,0,0
3114,1,1
15833,0,0
24659,0,0
15453,0,0
24763,0,0
7404,0,0
8850,1,1
24180,0,0
16506,0,0
6260,0,0
6598,0,0
24804,0,0
4815,0,0
6790,0,0
2836,0,0
11144,0,0
8111,0,0
7455,0,0
17452,0,0
20453,0,0
24926,0,0
6224,0,0
23549,0,0
9441,0,0
2575,0,1
2694,0,0
20463,0,0
13548,0,0
16380,0,0
12714,0,0
20766,0,0
23063,0,0
31439,0,0
28211,1,1
13794,1,1
19125,0,0
17816,0,0
20478,1,1
19576,0,0
1762,1,1
15901,0,0
3287,0,0
30951,0,0
32059,0,0
23242,0,0
25580,0,0
11822,1,1
8344,0,0
22845,1,1
21943,0,0
5869,0,0
28817,0,0
15228,0,0
22579,0,0
16709,0,0
10663,0,0
19922,0,0
28777,0,0
6016,0,0
27765,1,0
268,1,1
2736,0,0
22104,0,0
25445,0,0
718,0,0
20462,0,0
13271,0,0
23546,0,0
32548,0,0
30438,0,0
12786,0,0
9781,1,1
14625,0,0
15845,0,0
13312,0,0
24170,0,0
9766,0,0
31290,0,0
28871,0,1
32132,1,1
29547,0,0
3020,0,0
11194,0,0
13118,0,0
5955,0,0
24429,0,0
30582,1,1
26277,0,0
11730,0,0
28182,0,0
30696,0,0
19043,0,0
31479,0,0
19873,0,1
9152,0,0
14127,0,0
20583,0,0
9686,0,0
25958,0,0
14797,0,0
16849,0,0
13833,0,0
7895,0,0
22260,0,0
22412,0,0
5373,0,0
5293,1,1
31209,1,0
10740,1,1
764,1,1
24397,0,0
6823,0,0
29489,0,1
12955,0,0
1088,1,1
2083,0,0
20226,0,0
15617,0,0
11232,0,0
3263,0,0
12589,0,0
21006,1,0
25862,0,0
3620,0,0
17466,1,1
23328,0,0
15166,1,1
16645,0,0
2591,0,0
28318,0,0
24856,0,0
21813,1,1
29993,0,0
26497,0,0
14601,0,0
29911,0,0
4884,0,0
26549,0,0
30323,0,0
31661,0,0
31055,0,0
26080,1,0
14124,0,0
17537,1,1
27653,0,0
3673,1,1
27716,0,0
18360,1,1
25972,0,0
31403,0,0
110,1,1
13973,0,0
25370,0,0
4558,0,0
19596,0,0
9768,1,1
22175,0,0
7237,0,0
32423,0,0
2365,0,0
14762,1,1
19579,0,0
14827,0,0
6271,0,0
10507,1,1
18497,0,0
2174,0,0
14560,0,0
5284,0,0
31903,0,1
7029,0,0
7963,1,0
6242,0,0
9038,0,0
28519,0,0
27374,1,0
9772,0,0
14995,0,0
13442,0,0
23114,0,0
32472,0,0
13901,0,0
17566,0,0
27536,1,1
16558,0,0
16866,0,0
18332,0,0
770,1,0
7328,0,0
3576,0,0
23248,0,0
30646,0,0
27546,1,0
23568,1,1
31598,0,0
10236,0,0
26769,0,0
3196,1,0
28917,0,0
32475,0,0
7918,0,0
23312,1,1
1695,0,0
29508,0,0
13490,0,0
12771,0,0
2209,0,0
25648,0,0
30936,1,1
26054,0,0
2540,0,0
32559,1,1
359,0,0
10979,0,0
20756,0,0
7751,0,1
15215,0,0
8551,1,0
4876,0,0
29236,1,0
16428,0,0
19046,1,1
16803,1,1
25365,0,0
23822,0,0
4050,0,0
16077,0,0
31839,1,0
4493,0,0
9664,0,0
31788,0,0
8676,0,0
16323,0,0
22314,0,0
16938,0,0
7813,0,0
10152,1,1
3437,1,1
27811,0,0
31241,0,0
27826,0,0
31754,0,0
844,0,0
26766,1,1
10598,0,0
14006,0,0
9027,0,0
24789,1,1
19357,1,0
2803,0,0
8278,0,0
10666,0,0
32406,0,0
22877,1,1
10957,0,0
27504,1,1
10022,1,1
12959,0,0
26078,0,0
26042,0,0
26496,0,0
4416,0,0
3959,0,1
27856,0,0
18865,0,0
25085,0,1
16473,0,0
25444,0,0
5539,1,1
25359,0,0
14768,0,0
8199,0,0
24225,0,0
4005,0,0
28055,0,0
13001,0,0
10626,0,0
3228,0,0
25660,0,0
738,0,0
17628,1,1
9830,0,0
1595,0,0
12423,0,0
26450,0,0
30832,0,0
1174,1,1
31223,0,0
25396,0,0
28133,0,0
16130,0,0
2566,0,0
20263,0,0
22821,0,0
1916,0,0
16455,0,0
4826,0,0
2825,1,0
29014,0,0
2107,0,0
30589,1,1
20944,0,0
4883,0,0
12435,0,0
2913,0,0
5678,0,0
1301,0,0
12416,0,0
12516,0,0
27213,0,0
24885,0,0
19951,0,0
28490,0,0
24313,0,0
14530,1,0
5378,0,0
14413,0,0
17971,0,0
17983,1,1
20158,0,0
24123,0,1
7889,1,1
14366,0,0
9464,0,0
23189,1,1
9211,1,0
22061,1,0
8495,0,0
30425,0,0
7719,0,0
9287,0,0
19394,0,0
1353,0,0
23003,0,0
28726,0,0
3996,1,0
9311,0,0
15446,0,0
31038,1,0
15735,0,0
17362,0,0
25612,0,0
32130,0,0
19243,0,1
29116,1,1
10443,0,0
31009,0,0
7655,0,0
23471,1,0
4696,0,0
24128,1,1
27270,1,1
7775,0,0
8013,0,0
9866,0,0
3419,0,0
11642,0,0
17514,1,1
31068,0,0
21763,0,0
28183,0,0
17476,0,0
24007,1,1
524,1,1
3271,0,0
30971,0,0
800,0,0
3170,0,0
14284,0,1
6196,0,0
1773,0,1
12852,0,0
21210,1,1
19081,1,1
8575,0,0
22463,0,0
5375,0,0
29222,0,0
11034,0,0
1081,0,0
32546,0,0
29986,0,0
6084,0,0
23748,0,0
21398,0,0
31140,0,0
26114,0,0
16837,1,0
18489,0,0
19025,0,0
23791,0,0
27031,0,0
10864,0,0
9443,0,0
8501,1,1
2180,0,0
505,0,0
9089,0,0
3414,0,0
17745,0,0
15469,0,0
8627,0,0
10842,0,0
31224,0,0
21853,0,0
550,1,1
30599,0,0
29551,0,0
27324,0,0
4764,0,0
7421,0,0
17392,1,0
23832,1,0
19988,0,0
21163,0,0
29375,0,0
7173,0,0
18747,0,0
23468,0,0
22595,0,0
3832,1,0
15559,0,0
354,1,1
21750,1,0
12264,1,1
17374,0,0
3119,0,0
13799,1,1
17320,0,0
4331,1,1
1785,1,0
8054,0,0
24502,0,0
20908,1,1
18453,0,0
22341,0,0
8726,0,0
9039,0,0
14219,0,0
30388,0,0
19305,0,0
18799,0,0
23304,0,0
23780,0,0
32571,1,1
9568,0,0
6877,0,0
5421,0,0
211,0,0
15641,0,0
20952,0,0
20358,0,0
22299,0,0
5091,0,0
638,1,1
7881,0,0
28763,0,0
7735,0,0
31774,0,0
21892,0,0
25564,0,0
13946,0,0
29575,0,0
31655,0,0
28602,1,1
19822,0,0
23836,0,0
28900,0,0
29336,0,0
18882,0,0
21097,0,0
31085,0,0
23625,0,0
31929,1,1
13296,0,0
18559,1,1
23925,1,1
18370,1,1
24213,1,1
19713,0,0
4013,0,1
14336,0,0
25551,0,0
14569,1,1
19594,0,0
32131,1,1
8060,0,0
17288,0,0
28597,0,0
24625,0,0
10592,0,0
23466,0,0
15114,0,0
30147,0,0
29693,0,0
21112,0,0
6446,0,0
13613,1,0
15871,0,0
21235,0,0
21754,0,0
10092,0,0
3857,0,0
11169,0,0
1941,0,0
13489,0,0
21372,0,0
2680,0,0
4478,0,0
28397,0,0
22985,0,0
27151,0,0
8790,0,0
162,1,1
10362,1,1
11474,0,0
19238,0,0
13712,0,0
16841,0,0
16124,0,0
11447,0,0
12760,0,0
27197,1,1
13,1,1
1399,1,1
7985,0,0
18893,0,0
18397,0,0
31797,0,0
7227,0,0
28692,1,1
14670,0,0
27554,1,0
5754,0,0
7832,0,0
31233,1,1
14255,0,0
29234,0,0
29577,0,0
25091,0,0
356,1,1
23501,0,0
26404,0,0
30270,0,0
2057,0,0
19228,1,0
10204,0,0
30277,0,0
12475,0,0
19668,0,0
23455,0,0
5918,1,1
20343,0,0
17568,0,0
23887,1,1
10607,0,0
17737,0,0
2471,1,1
1347,0,0
3529,0,0
11406,0,0
1612,0,0
21673,0,0
10187,1,1
12994,0,0
32233,0,0
13918,0,1
12084,0,0
18123,0,0
13225,0,0
29540,1,1
4607,0,0
20825,0,0
3449,0,0
44,0,0
3642,0,0
21562,0,1
9606,0,0
14146,0,0
11845,0,0
8258,0,0
8176,1,0
26443,0,0
16569,1,1
4376,0,0
27808,1,1
8403,0,0
12323,1,1
30661,0,0
17210,0,0
24739,1,1
12704,0,0
5367,0,0
17262,0,0
10999,1,0
10668,0,0
32289,0,1
28435,0,0
23016,1,0
1446,0,0
27126,0,0
32124,0,0
11016,0,0
18447,0,0
24887,1,0
25935,0,0
20719,0,0
31412,0,0
27168,1,0
13839,1,1
16502,0,0
20641,0,0
17273,0,0
1963,0,0
15264,0,0
30712,0,0
12646,0,0
7036,0,0
513,1,1
9371,0,0
19578,0,0
2685,0,0
26401,0,1
6039,1,1
15966,0,0
17274,1,1
24561,1,0
14478,0,0
20725,0,0
25479,0,0
11702,0,0
1277,1,1
6654,0,0
25049,0,0
19337,1,0
24719,0,0
1093,1,1
2522,0,0
11360,0,0
4395,0,0
18160,0,0
30205,0,0
15973,0,0
16910,0,0
13222,0,1
31607,0,0
7641,0,0
15623,0,0
24484,0,0
2037,0,0
18973,0,0
21506,1,1
4240,0,0
7537,0,0
28248,0,0
6606,0,0
10903,0,0
7810,0,0
15716,0,0
19960,1,1
9042,0,0
7409,0,0
26091,0,0
31515,0,0
23483,0,0
30401,0,0
25447,0,0
21628,0,0
7296,0,0
19210,1,0
7856,1,0
14410,0,0
3412,0,0
26752,0,0
28338,0,0
11464,0,0
32311,0,0
24880,0,0
12556,0,0
27340,0,0
2838,0,0
27241,0,0
28886,0,0
18224,1,1
10962,0,0
5624,1,1
18520,0,0
14958,0,0
12007,1,1
8882,0,0
8559,1,1
24811,0,0
21439,1,0
7691,0,0
30994,0,0
29219,1,1
25328,0,0
12749,0,0
13965,0,0
18194,1,1
19109,0,0
24619,0,0
11267,0,0
695,1,1
484,1,1
4352,1,1
5418,0,0
31008,0,0
5423,0,0
6605,0,0
18174,0,0
30457,1,1
3667,1,0
32490,0,0
16613,0,0
32141,0,0
22199,0,0
5147,0,0
22586,0,0
4509,0,0
8422,0,0
21435,0,0
8585,1,1
13648,0,0
26674,0,0
26055,0,0
8530,0,0
9500,1,0
3755,0,0
26359,0,0
22169,1,1
3985,0,0
15300,0,0
30308,0,0
25834,0,0
24797,0,1
5549,0,0
25877,0,0
11116,1,1
21386,0,0
4411,1,1
19655,0,0
4064,0,0
28204,0,0
23104,0,0
18496,0,0
4886,1,0
21511,0,0
2722,0,0
23323,0,0
14758,1,0
7437,0,0
509,1,1
11924,0,0
17347,0,0
26767,0,0
5162,0,0
20410,0,0
12251,1,1
6477,0,0
32237,0,0
9828,0,0
10943,0,0
561,0,0
619,1,1
14656,1,1
7001,0,0
3726,0,0
21369,0,0
14918,0,0
6631,0,0
3868,1,1
17996,0,0
16712,0,0
19628,0,0
3873,0,0
29386,0,0
1075,1,1
15688,0,0
31335,1,1
4946,0,0
26225,0,0
18970,0,0
21148,0,0
655,0,1
16308,0,0
27675,0,0
8947,0,0
28969,1,1
32244,1,1
13716,0,0
26544,0,0
18526,0,0
28650,0,0
21867,0,0
24794,0,0
20717,0,0
24234,0,0
7567,0,0
23801,0,0
11923,0,0
408,0,0
8458,0,0
72,1,1
6621,0,0
24016,0,0
3211,0,0
13505,0,0
28051,0,0
9255,0,0
3583,0,0
10305,0,0
22793,0,0
23820,0,0
30956,0,0
3780,0,0
26627,1,1
6239,0,0
3671,1,1
8447,1,1
5681,0,0
11202,0,0
4390,0,0
15787,0,0
5865,0,0
25081,1,1
23395,0,0
9309,0,0
28898,0,0
4133,1,1
22786,0,0
21365,0,0
5835,0,0
1603,0,0
13877,1,1
12286,1,1
13406,1,1
500,1,1
21657,0,0
17106,0,0
1375,0,0
31108,0,0
17520,0,0
3744,0,0
8846,0,0
13570,1,0
27889,1,1
5270,0,0
21187,0,0
20125,0,0
2235,0,0
9326,0,0
6012,0,0
30990,1,1
9377,0,0
569,0,0
17001,0,1
17779,0,0
29822,0,0
19603,0,0
21109,1,1
13106,0,0
19171,0,0
16808,0,0
14050,0,0
13342,0,0
14378,0,0
18366,0,1
14631,0,0
20959,0,0
2901,0,0
24920,0,0
22218,0,0
24677,0,0
1866,0,0
11655,0,0
27738,0,0
108,1,1
26224,0,0
5431,0,0
26948,0,0
26772,1,1
15515,1,0
24828,0,0
18794,1,1
4621,0,0
31807,0,0
17786,0,0
26781,0,0
13608,0,0
30785,0,0
31971,0,1
21059,0,0
25131,1,1
21564,0,0
20749,0,0
26967,0,0
15505,0,0
30380,0,0
10822,0,0
25722,1,1
27873,0,0
263,0,0
11146,0,0
14291,0,0
9496,0,0
19036,0,0
19741,1,0
6256,0,0
16316,0,0
11577,0,0
23760,1,0
5823,0,0
14681,0,0
6306,0,1
15451,0,0
18859,1,1
12344,0,0
26102,1,1
28230,0,0
20308,0,0
5197,0,0
16523,1,1
18604,0,0
27068,0,0
25561,0,0
4831,1,1
4249,1,1
25576,0,0
30664,0,1
12010,0,0
12319,1,1
19348,1,1
8069,0,0
28373,0,0
10683,0,0
17597,0,0
28979,0,0
8988,1,1
12077,0,0
19663,0,0
3957,1,1
31627,0,0
7713,0,0
8498,1,1
24522,0,0
2752,1,0
25158,1,0
5122,0,0
8007,0,0
12146,0,0
6218,0,0
19453,0,0
19117,0,0
30779,0,1
22393,0,0
12197,1,1
16218,0,0
26672,1,0
22857,0,0
13556,0,0
22127,0,1
9071,0,0
21260,0,0
10032,1,1
30259,0,0
25466,0,0
1367,0,0
9534,0,0
15202,0,0
42,0,0
17957,1,1
18071,0,0
2890,0,0
27759,0,0
31438,0,0
29542,1,1
2241,0,1
32512,0,0
3733,0,0
29522,0,0
24752,0,0
31916,0,0
13722,1,1
9199,0,0
4699,0,0
5177,1,0
23900,1,1
17806,0,0
14492,0,0
3329,0,0
10715,0,0
27087,0,0
27513,0,0
4797,1,1
30912,0,0
10780,0,0
26682,0,0
24450,0,0
12341,0,0
16809,0,0
1241,1,1
27357,1,0
17825,1,1
17627,0,0
15035,0,0
25633,1,1
25255,0,0
22202,0,0
18533,0,0
5620,0,0
6419,0,0
25975,0,0
20633,0,0
19874,0,0
19944,1,0
29155,0,0
16999,0,0
8047,0,0
24446,0,0
25057,1,1
14590,0,0
1964,1,1
30355,0,0
1412,0,0
20707,0,0
8887,0,0
18610,0,0
12884,0,0
16067,0,0
14088,0,0
24865,0,0
6787,0,0
10077,0,0
7250,0,0
3911,1,1
21547,0,0
32326,0,0
23697,0,0
4109,1,1
20262,0,0
16887,0,0
6952,0,0
21602,0,0
7673,0,0
17697,0,0
23474,0,0
23122,0,0
15915,0,0
29241,0,0
7167,0,0
14977,0,0
30914,0,0
1788,0,0
11748,1,0
21915,0,0
19838,0,0
23998,0,0
17222,0,0
739,1,1
27998,0,0
6911,0,0
13626,1,1
18624,0,0
14182,0,0
27041,0,0
20802,0,0
22229,1,1
24803,0,0
8620,0,0
25020,0,0
9711,1,1
3387,0,0
18871,1,0
24835,0,0
13113,1,1
12320,1,1
8224,0,0
5489,0,1
27301,0,0
21380,0,0
3608,0,0
17838,1,1
16886,0,0
16879,1,0
16358,1,1
32012,0,0
2367,0,0
17960,0,0
7400,0,0
4783,0,0
12812,0,0
21629,0,0
20095,0,1
10418,1,1
2873,0,0
20979,0,0
13461,1,1
5097,1,0
3008,0,0
4985,0,0
393,0,0
25003,0,0
7000,1,1
25766,0,0
9363,0,0
15144,0,0
19575,0,0
10402,1,1
22928,0,0
29388,0,0
17882,0,0
31183,0,0
9869,0,0
18246,1,1
28312,0,0
20041,0,0
18655,0,1
32241,0,0
924,1,1
23023,0,0
20267,0,0
13920,0,0
66,0,0
11245,0,0
2287,0,0
28799,0,1
29990,1,0
11158,0,0
21822,1,1
17063,0,0
1731,0,0
25293,0,0
20844,0,0
16764,0,0
6855,0,0
26542,0,0
3800,0,0
17766,0,1
19869,1,1
31101,0,0
29718,0,0
27156,0,0
28358,0,0
9831,1,1
6263,1,1
2195,0,0
25750,1,1
1308,0,0
22631,1,0
1945,0,0
25600,0,0
4124,0,0
5357,0,0
31404,0,0
5472,1,1
2274,1,1
20464,0,0
9092,1,0
13071,0,0
4796,0,0
19864,0,0
5297,0,0
27044,0,0
11638,0,0
6273,1,0
20710,1,1
21575,0,0
23094,0,0
11983,0,1
21732,0,0
9283,1,1
4731,1,0
2659,1,0
9410,0,0
21088,0,0
31683,0,0
6559,0,0
24260,0,0
26108,1,1
9108,1,0
30732,0,0
6573,0,0
16704,1,1
5822,0,0
11128,0,0
2875,1,0
696,1,1
21991,0,0
3308,1,0
15826,0,0
21201,0,0
3389,0,0
13934,1,0
12783,0,0
15376,1,0
12274,1,1
15024,0,0
21228,0,0
17141,1,1
9427,0,0
13171,0,0
14310,0,0
22464,0,0
26487,0,0
20309,0,0
7873,0,0
30799,0,0
13567,0,0
16026,0,0
13587,1,1
103,0,0
23608,0,0
13014,0,0
11039,0,0
10163,0,0
2908,0,0
9567,1,1
327,0,0
14807,0,0
16245,1,0
25005,0,0
17533,1,1
29555,0,0
12511,0,1
22249,0,0
29590,0,0
21069,0,0
7265,0,0
21757,0,1
11387,1,0
30496,0,0
12819,0,0
2336,0,0
17977,1,1
27314,0,0
24935,1,1
29956,0,0
28000,0,0
30691,0,0
11163,0,0
27261,0,0
14497,0,0
20603,0,0
3289,0,0
5488,1,1
18161,0,0
11301,0,0
7301,0,0
18335,1,1
16634,0,0
19410,0,0
30335,0,0
22665,0,0
19996,0,0
9162,1,1
18993,0,0
13277,0,0
6516,0,0
32411,1,1
30306,0,0
10108,0,1
18548,0,0
29153,0,0
18316,1,1
24071,0,0
18217,0,0
7846,1,1
26046,0,0
32188,1,1
21400,0,0
29669,0,0
2834,0,0
5791,1,1
24867,1,0
13860,1,1
4806,0,0
24826,0,0
10699,1,1
26707,1,1
7732,0,0
6642,0,0
4538,0,0
15111,0,0
378,1,1
16393,0,0
26321,0,0
13884,0,0
7277,1,0
27695,0,0
7273,1,1
12522,0,0
9623,0,0
12774,1,1
4125,1,1
12951,0,0
23049,0,0
16816,0,0
15923,0,1
30468,0,0
24107,1,1
25832,0,0
31980,0,0
31442,1,0
27286,0,0
28442,0,0
19139,0,1
28515,0,0
1026,0,0
5997,0,0
5032,1,1
29049,0,0
1568,0,0
8018,0,0
10258,0,0
8994,0,0
14023,0,0
4402,0,0
21587,1,1
27890,1,1
24726,0,0
25926,1,1
5639,0,0
13252,0,0
16199,0,0
4366,0,0
18538,0,0
31528,0,0
8319,1,0
32578,1,1
13270,0,0
5490,0,0
31977,0,0
21955,0,0
26169,0,1
2880,0,0
14992,0,0
1520,0,1
28409,0,0
22623,0,0
30892,0,0
24855,1,0
2935,0,0
26162,0,0
24382,0,0
7955,0,0
298,0,0
6887,0,0
23352,0,0
27607,0,0
11715,0,0
31994,0,0
6499,1,0
23137,0,0
7624,0,0
31969,0,0
17433,1,1
6889,0,0
32487,1,1
24127,0,0
17868,0,0
19226,0,0
25244,0,0
22077,0,0
4971,0,0
2804,0,0
78,1,1
15135,0,0
20537,0,0
18138,0,1
27279,0,0
8360,0,0
14117,0,0
1806,0,1
12062,1,0
6546,0,0
10499,1,1
23657,0,0
23787,0,0
2089,0,0
14426,0,0
21795,0,0
22605,0,0
18854,0,0
13210,0,0
6448,0,0
7436,0,0
11432,1,1
18253,0,0
31882,0,0
17908,1,1
27397,0,0
1811,0,0
16730,0,0
1321,0,0
32455,0,0
3392,0,0
25238,1,1
11042,0,0
20548,0,0
242,1,1
11802,0,0
6666,0,0
19166,0,0
10797,0,0
29045,0,0
7830,0,0
20249,0,0
24023,0,0
2674,1,0
22351,0,0
18379,0,0
31192,0,0
15485,1,1
30561,0,0
30001,0,0
23902,1,1
5893,0,0
30098,0,0
7189,0,0
12820,0,0
15313,0,0
24483,0,0
20080,1,1
17509,0,0
5109,0,0
9928,0,0
11323,0,0
516,1,1
5429,0,0
1628,0,0
15280,0,0
20809,1,1
28245,0,0
863,0,0
8088,0,0
31623,0,0
26562,1,1
8533,0,0
22648,0,0
31021,0,0
29190,0,0
27633,0,0
14131,0,0
25265,0,0
208,1,1
2028,0,0
18425,0,0
6141,0,0
25181,0,0
30366,0,1
21942,0,0
16442,1,0
22791,0,0
11929,1,1
13756,0,0
16327,0,0
1655,0,0
10660,0,0
15375,0,0
30684,0,0
21053,0,0
22720,0,0
19286,0,0
6827,1,1
6121,1,1
20784,0,0
30044,0,0
29314,1,1
20018,0,0
10419,1,1
3973,0,1
5882,0,0
10653,0,0
7417,0,0
4695,0,0
18578,0,0
31881,1,1
18418,0,0
23111,1,1
1054,0,0
15756,0,0
16605,0,0
10445,1,1
25739,0,0
13310,0,0
18768,0,1
1413,0,0
30870,0,0
15349,0,0
19279,1,1
18049,0,0
855,0,1
15314,0,0
29207,0,0
21756,0,0
352,0,0
11018,0,0
24678,0,0
322,0,0
27821,0,1
19499,0,0
179,0,0
14420,0,0
19848,0,0
24798,0,0
27779,0,0
27080,0,0
26513,1,1
23190,1,1
18707,1,1
15159,0,0
32542,0,0
4221,0,0
26276,0,0
24822,0,0
29629,0,0
32371,0,0
21899,0,0
18656,0,1
21569,1,1
2823,0,0
13063,0,0
4320,0,0
14221,0,0
5377,0,0
28422,0,0
21466,0,0
11299,0,0
29315,1,1
28800,0,0
20685,0,0
2073,1,0
22731,0,0
28274,1,0
8589,1,1
28907,0,0
22222,1,1
24925,0,0
29763,0,0
24997,0,0
1730,0,0
10808,0,0
23303,0,0
7849,0,0
8246,0,0
7645,0,0
23682,0,0
7390,0,0
31771,0,0
25274,1,0
26742,0,0
6567,1,0
12989,0,0
19307,0,0
16767,0,0
21655,0,0
17176,0,0
166,0,0
21488,0,0
30962,1,1
21038,0,0
30660,0,0
28932,0,0
119,1,1
28326,0,0
27139,0,0
7162,1,1
31651,0,0
25938,0,0
19250,0,0
19911,0,0
19719,0,0
18309,0,0
8407,0,0
13932,0,0
4014,0,0
6453,0,0
29621,0,0
23184,1,1
18011,1,1
14207,0,0
4173,1,1
13831,0,0
31020,0,0
7161,0,0
172,1,1
18654,0,0
1617,1,1
32555,0,0
32208,0,0
11737,0,0
13782,0,0
18016,0,0
20238,0,0
9998,0,0
5693,1,1
27679,1,1
11588,0,0
8365,0,0
25416,1,1
32549,0,0
31804,0,0
3448,0,0
6418,0,0
6458,0,0
3877,0,0
22835,0,0
10673,0,0
32563,1,1
7138,0,0
1966,1,1
20065,1,1
14600,0,0
30511,0,0
32439,0,0
25019,1,0
14393,0,0
3190,0,0
20156,1,1
29097,0,0
4296,0,0
17691,0,0
2742,0,0
9316,0,0
25487,0,0
10726,0,0
14405,1,1
17826,0,0
7753,0,0
11910,0,0
281,0,0
3145,0,0
26122,0,0
15993,0,1
452,0,0
1371,0,0
13164,0,0
21493,0,0
10981,0,1
25214,0,0
28266,1,1
28922,0,0
25457,1,1
15345,0,0
13072,0,0
17705,0,0
6988,0,0
4651,0,0
15813,0,0
18219,0,0
9361,0,0
4253,0,0
998,1,1
320,0,0
12413,1,1
20017,1,0
6772,0,0
30196,0,0
25669,0,0
5427,0,0
12828,0,0
201,1,1
21015,1,0
24729,0,0
16158,1,1
27547,0,0
15434,1,1
10921,0,0
14264,0,1
20932,0,0
1044,1,1
11028,0,0
11815,0,0
28261,0,1
17095,0,0
13023,0,0
29020,1,1
28072,0,1
5053,0,0
13047,0,0
25281,0,0
27869,0,0
1162,0,0
7683,0,0
19312,1,0
6805,1,1
15758,0,0
11435,0,0
31416,0,0
28323,0,0
28087,0,0
7840,0,0
31572,0,0
12789,0,0
1235,1,1
18842,0,0
25843,1,0
18866,0,0
18082,1,1
13509,0,0
28391,1,1
12340,1,1
28033,0,0
23296,0,0
25583,0,0
15991,0,0
26696,0,0
31066,0,0
19277,0,0
30788,1,0
5795,0,0
19026,0,0
31738,0,0
128,1,1
4987,0,0
14990,0,0
19558,0,0
23329,0,0
27598,0,0
2666,0,0
29813,0,0
23922,1,1
4583,0,0
18477,0,0
1929,0,0
8984,0,0
12593,0,0
29291,0,0
30359,0,0
28505,0,0
19798,0,0
28497,0,0
417,1,1
19091,1,1
2986,0,0
16450,0,0
10639,0,0
12242,0,1
13748,0,0
29519,1,1
19175,0,0
232,0,0
14364,0,0
20324,0,0
11721,0,0
1262,0,1
26872,1,1
26734,0,0
5473,0,0
8971,0,0
7171,0,0
26744,0,0
26732,1,1
6568,1,1
32271,1,1
4966,0,0
991,0,0
27030,0,0
24602,0,0
9977,0,0
18609,0,0
10074,0,0
29310,1,1
21714,0,0
26749,1,1
719,0,0
8166,0,0
22288,0,0
22275,1,0
23447,0,0
28181,0,0
11805,0,0
25141,0,0
6470,0,0
4398,1,1
31255,0,0
22751,0,0
13976,0,0
8432,0,0
4187,1,1
15116,0,0
27703,0,0
24631,0,0
1969,0,0
2061,0,0
27313,0,0
11054,0,0
20419,0,0
1875,1,1
20369,1,1
29783,0,1
17078,0,0
10299,1,1
5679,0,0
28502,0,0
20101,0,0
8232,0,1
24331,0,0
9224,0,0
13699,0,0
6684,0,0
18983,0,0
10365,0,0
29579,1,1
25390,0,0
9295,1,1
14086,0,0
10818,0,0
21554,0,0
20579,0,0
32070,0,0
18743,0,0
9444,0,0
21510,1,1
9141,0,0
3811,0,0
5493,1,0
26119,1,0
8151,1,0
23564,0,0
14351,1,1
13253,1,1
1184,1,1
31341,0,0
12920,0,1
31078,0,0
17202,0,0
29603,1,1
7943,0,0
28263,0,0
13257,1,1
13739,0,0
18373,0,0
10852,0,1
17861,0,0
27195,0,0
31482,0,0
13977,0,0
28345,1,1
22067,0,0
7767,0,0
6951,0,1
4514,0,0
23913,0,0
26584,0,0
15470,0,0
10425,1,1
14074,0,0
25137,0,0
22151,0,0
15818,0,0
14545,1,1
18289,0,0
3527,0,0
30442,0,0
18885,1,1
18159,1,1
19224,0,0
7441,1,1
9619,0,1
29163,1,0
26326,0,0
31287,0,0
14156,0,0
25100,0,0
10375,1,1
27863,1,1
1494,0,0
22980,0,0
865,0,0
26047,0,0
8731,0,0
3133,0,0
21705,0,0
20363,0,0
9696,0,0
20497,0,0
13598,0,0
31435,0,0
32116,1,1
5196,0,0
28708,1,1
23766,0,0
23148,0,0
19386,0,0
10211,0,0
27530,0,0
12021,0,0
2133,0,0
22933,0,0
5114,0,0
30874,1,1
19155,1,0
4353,1,1
9931,0,0
28928,1,1
21678,0,0
9571,0,0
32140,0,0
16660,0,0
29069,0,0
7816,0,0
16069,0,0
28601,0,0
20004,0,0
3511,0,0
3690,1,1
31039,0,0
1818,0,0
4108,0,1
5433,0,0
7682,0,0
22761,0,0
9227,0,0
7921,0,0
28399,0,0
3160,0,0
24196,0,0
1116,0,0
14604,0,0
16655,0,0
18627,1,1
26643,0,0
20953,0,0
8652,0,0
11761,0,0
7032,0,0
1133,0,0
26575,0,0
5225,0,1
17984,1,1
23294,0,0
31681,0,0
20592,0,0
27584,0,0
9547,0,0
9314,0,0
15308,0,0
25035,0,0
18115,0,0
19492,0,0
7415,0,0
20213,1,1
14474,0,0
15896,0,0
4634,0,0
30291,0,0
15421,0,0
22862,1,1
19969,0,0
25314,0,0
5348,1,0
8591,1,1
26071,0,0
3499,1,1
10671,0,0
22320,0,0
2469,0,0
16762,1,1
10865,0,0
8663,0,0
14463,0,0
9218,0,0
20607,0,0
27916,0,0
5144,0,0
29607,0,0
2319,0,0
9049,0,0
12850,0,0
26023,0,0
2911,0,0
19288,0,0
23794,0,0
7548,0,0
4643,0,0
5652,0,0
31450,0,0
20940,0,0
23737,0,0
16489,0,0
31847,0,0
1912,0,0
20591,0,0
24381,0,1
8056,0,0
25874,0,0
31305,0,0
27247,0,0
2314,0,0
30091,0,0
21903,0,0
397,1,1
17625,0,0
24521,0,0
5920,0,0
20850,0,0
24860,1,1
13893,0,1
10600,0,0
7048,0,0
2677,0,0
26166,0,0
6588,0,1
3453,1,1
458,0,0
5036,0,0
29981,1,0
28733,0,0
31465,1,1
6729,1,1
13680,0,0
30165,0,0
5827,0,0
29849,0,0
17418,1,0
27542,0,0
25890,0,0
7794,0,0
26727,0,0
3908,0,0
28453,1,1
22403,0,0
22261,0,0
15083,0,0
13978,0,0
12811,0,0
28380,0,0
600,1,1
2847,0,0
10047,0,0
17293,0,0
19253,1,0
30730,1,0
16243,0,0
14941,0,0
9871,0,0
23818,0,0
13909,0,0
19957,0,0
5613,0,1
27532,1,1
30986,0,0
21395,0,0
4780,0,0
26637,0,0
5941,0,0
23644,0,0
230,1,1
11306,0,0
3773,0,0
15000,1,1
6070,1,0
9543,0,0
6044,0,0
9673,0,0
1996,1,1
18282,1,1
21725,0,1
14437,0,0
18476,0,0
23982,1,1
17525,0,0
15354,0,0
21612,1,0
9414,0,0
13720,0,0
713,1,1
7929,0,0
8490,0,0
28112,0,0
4393,0,0
30467,0,0
12513,0,0
8821,1,1
13992,0,0
23341,0,0
9719,0,0
22489,0,0
25970,0,0
1515,0,0
16014,0,0
17495,0,0
16336,0,0
1809,0,0
26615,0,0
5016,0,0
7241,0,0
28576,0,0
22559,0,0
1102,0,0
17990,0,0
31271,0,0
18834,0,1
11035,0,0
13487,1,0
22852,1,1
23001,0,0
2831,0,0
2018,0,0
7533,0,1
27034,0,0
19631,0,0
52,1,1
28296,0,0
10871,0,0
8615,0,0
7986,1,1
18563,0,0
30925,0,0
1299,0,0
6731,0,0
4943,0,1
22620,0,0
25226,0,0
9618,0,0
30374,0,0
435,1,1
21162,1,1
24102,0,0
339,0,0
18003,0,0
5413,0,0
5311,1,1
456,0,0
28631,0,0
11964,0,0
28819,0,0
16682,1,0
180,1,1
2939,0,0
27820,0,0
25793,0,0
29147,1,1
13140,1,1
28250,0,0
6698,0,1
9806,0,0
19181,0,0
26581,0,0
20322,1,1
17214,0,0
30873,0,0
21513,0,0
7892,0,0
27725,0,0
11946,1,1
10404,0,0
2686,0,0
16152,0,0
16757,1,1
7932,0,0
3004,0,0
1376,0,0
27458,0,0
26022,0,0
6413,0,0
25897,0,0
3383,0,0
11731,0,0
10963,0,0
25663,1,0
15408,0,0
8700,0,0
20907,0,0
667,1,1
24603,0,0
11489,0,0
14727,0,0
29122,0,0
5942,1,0
18435,1,1
28025,0,0
31778,0,0
4617,0,0
6440,0,0
7005,0,0
2498,1,1
28659,0,0
6639,0,0
14617,0,0
13008,0,0
24333,0,0
5499,0,0
17907,0,0
27070,0,0
23849,0,0
6188,0,0
343,0,0
3728,0,0
1153,0,0
5435,1,1
24802,0,0
10181,0,0
25927,0,1
7215,0,0
31551,1,1
32122,0,0
5010,0,0
12304,0,0
9492,0,0
6818,0,0
12016,0,0
10649,0,0
13143,1,1
6014,1,1
13183,0,0
3897,0,0
29702,0,0
1119,0,1
25919,0,1
19162,0,0
31202,0,0
1374,1,0
16471,1,1
2419,0,0
5310,0,0
16298,0,0
25207,0,0
30876,1,1
26441,0,0
11213,0,0
11279,0,0
26860,0,0
1512,0,0
5193,0,0
25060,1,1
17698,1,1
20268,0,0
19630,0,0
31826,0,0
15666,1,0
3153,0,1
16518,0,0
16881,1,1
4115,0,1
20677,0,0
6977,0,0
25546,0,0
7375,0,1
15169,0,0
26570,0,0
12085,0,0
12038,1,1
20555,1,0
20691,0,1
18637,1,1
20937,0,0
24941,0,0
12143,0,0
10222,1,0
20008,0,0
14695,1,1
17752,0,0
19027,1,0
4729,1,0
1561,0,0
3278,0,0
6098,0,0
17010,0,0
26367,0,0
27352,0,0
11734,0,0
13811,0,0
12239,1,1
20298,1,1
13775,0,0
12549,0,0
18177,1,1
2541,0,0
25129,1,1
11473,1,1
11544,0,0
30617,0,0
26216,0,0
4247,0,0
28493,1,0
13822,0,0
25794,0,0
8433,0,0
21288,0,0
3180,0,0
6535,0,0
2802,0,0
14256,0,0
20698,0,1
4099,1,1
29690,0,1
2302,0,0
24907,0,0
22876,1,1
828,0,0
11340,0,0
15492,0,0
26535,0,1
31323,0,0
31543,0,0
17296,0,0
15503,0,0
3933,0,0
16752,0,0
2904,0,0
16398,1,1
16623,0,0
18344,1,1
7168,0,0
27715,1,0
26669,0,0
15615,0,0
3072,0,0
5758,0,1
29233,1,0
7604,0,0
25744,0,0
29172,0,0
19572,0,0
31961,0,0
32211,0,0
10494,1,1
21783,0,0
19983,0,0
1402,0,0
804,1,0
20108,0,0
20431,0,1
15549,0,0
13953,0,0
3356,0,1
19860,1,1
10942,0,0
10205,0,0
21921,0,0
6201,1,0
20848,0,0
21061,0,0
9999,0,0
12041,0,0
382,1,1
1607,0,0
5854,0,0
19897,0,0
25011,0,0
31889,0,0
18985,0,0
10584,0,1
26890,0,0
19207,0,0
20678,0,0
5242,1,1
23265,0,0
21025,0,0
31986,0,0
32126,1,1
6589,0,0
10400,1,1
3288,0,0
17949,1,1
14847,0,0
21533,1,0
12981,1,0
26500,0,1
25398,0,0
26303,0,0
32422,0,0
3018,0,0
23335,0,0
16668,1,1
26795,0,0
24530,0,0
27823,0,0
21782,1,1
7462,0,0
8001,1,0
20122,0,1
18081,0,1
24971,0,0
17643,0,0
27311,0,0
13485,0,0
9799,0,0
7513,1,1
15143,0,0
3064,0,0
14386,0,0
21950,0,0
22095,0,0
5673,0,0
29767,1,0
3051,0,0
29889,0,0
10894,0,1
11997,0,0
8682,0,0
29256,0,0
2127,0,0
14835,0,0
15355,0,0
2552,1,0
28877,0,0
18894,0,1
16334,0,0
8811,0,0
22920,0,0
14728,0,0
886,0,0
18274,0,0
5793,0,1
21491,0,0
32060,0,0
11543,0,1
6051,0,0
17465,0,0
24531,0,0
116,1,1
6129,0,0
32449,0,0
451,1,0
1729,0,0
29890,0,0
27580,1,1
21214,0,1
5786,0,0
29595,0,0
30031,0,0
5446,0,1
26738,1,1
8566,1,1
29593,1,1
30174,0,0
5085,0,0
15677,0,0
21027,0,0
28536,0,0
23994,0,0
12225,1,0
5968,0,0
4629,0,1
19414,0,0
13853,0,0
10285,0,0
12656,0,0
19732,1,0
15927,0,0
2286,0,0
8540,0,0
28137,1,1
25659,1,1
29722,0,0
15557,0,0
12538,0,0
13792,0,0
15862,0,0
6317,0,0
9754,0,0
15978,0,0
19607,0,0
8454,0,0
14377,0,0
3469,0,0
3377,0,0
23948,1,1
23728,1,1
28778,0,1
13217,0,0
29258,1,1
8923,0,0
14566,0,0
25094,0,0
24048,1,0
19103,0,0
22307,0,0
884,0,0
25216,1,0
353,0,0
20091,1,1
21444,1,1
4042,0,0
27829,0,0
20902,0,0
29760,0,0
971,0,1
683,1,1
22470,0,0
26671,0,0
19120,1,1
28544,0,0
8962,0,0
9970,1,0
11438,0,0
10755,0,0
29774,1,0
6957,0,0
15847,1,1
5781,1,0
29403,1,1
18139,1,1
7420,0,0
21193,0,0
26307,0,0
16685,0,1
25309,0,0
28132,0,0
10179,0,1
21306,0,0
24554,0,0
4212,1,0
11918,1,1
23677,0,0
20084,0,0
8654,1,0
8509,1,0
18910,0,0
26121,0,0
19542,0,0
6848,0,0
9200,0,0
20721,0,0
27935,0,0
26692,0,0
5046,0,0
21362,0,0
32263,0,0
26723,1,1
22330,0,0
30899,1,0
16496,0,0
23688,0,0
22616,1,1
19867,0,0
2663,0,0
23716,0,0
13770,0,0
30137,0,0
23344,0,0
6147,1,1
8355,0,0
27091,0,1
25508,0,0
21048,0,0
18259,0,0
15245,1,0
1201,0,1
24025,0,0
14477,0,0
6529,0,0
6890,0,0
28322,0,0
4112,0,0
7962,0,0
22051,0,0
16564,0,0
25950,0,0
30229,0,0
10950,0,0
26630,0,0
30299,0,0
8429,0,0
20196,0,0
3723,0,0
24042,1,1
24917,0,0
26050,0,0
13348,0,0
25426,0,0
31268,0,0
14651,1,1
13890,0,0
27569,1,0
11876,1,1
14514,0,0
23602,0,0
3949,0,0
29238,0,0
29529,0,0
20883,0,0
5113,0,0
9807,0,0
4759,0,0
2781,0,0
3209,0,0
22115,0,0
25285,0,0
6976,0,0
16611,1,1
8692,1,0
22662,0,0
334,0,0
25689,1,1
10927,0,0
26676,1,1
8223,0,0
23155,0,0
9340,0,0
32552,0,0
10986,1,0
14880,0,0
17777,0,0
7749,0,0
4829,1,1
25139,0,0
22511,0,0
7480,0,1
1428,1,1
12583,0,0
20783,0,0
3524,0,0
18757,0,0
19739,0,0
8395,1,0
10114,0,0
29259,1,1
2599,1,1
10923,0,0
13147,0,0
25481,0,0
30369,0,0
4251,0,0
22671,1,0
16683,0,0
978,1,1
11903,0,0
16876,0,0
32212,0,0
29059,0,0
21133,0,0
24973,1,0
22408,0,0
18649,1,1
11609,0,0
13499,1,1
31156,1,1
25106,0,0
6839,0,0
6863,0,0
1328,0,0
3210,0,0
6484,0,0
27558,1,1
29064,0,0
2739,1,0
15656,0,0
18673,1,1
16548,0,0
7771,0,0
26072,0,0
18648,1,1
31599,0,0
17311,0,0
1443,0,0
14900,1,1
29557,0,0
8390,0,0
31656,0,0
19894,0,0
25769,0,0
1066,0,0
5424,1,1
5522,0,0
28484,1,1
9892,0,0
26576,0,0
29317,1,1
30036,1,1
27520,0,0
9491,0,0
11585,0,0
7949,0,0
4604,0,0
12463,0,0
11859,0,0
22912,0,0
6910,0,0
12100,0,0
6017,1,0
30280,0,0
14335,1,1
11308,0,0
4455,0,0
25621,0,0
6088,0,0
24359,0,0
18691,1,1
6628,0,0
29960,0,0
11962,0,0
4867,0,0
16719,0,0
30880,1,1
16989,0,0
11756,0,0
51,1,1
29130,1,1
16585,0,1
9009,0,0
20350,0,0
9344,0,0
21441,0,0
9362,0,0
17981,0,0
19700,1,1
4189,0,0
189,1,1
11662,0,0
19785,0,0
30995,0,0
18190,1,1
16981,0,0
24735,0,0
31763,0,0
29618,0,0
19676,0,0
1250,0,0
4959,0,0
13911,0,0
15211,0,0
19925,1,1
17551,0,0
13975,0,0
13818,0,0
7791,0,0
11121,0,0
31500,0,0
13474,0,0
31727,1,1
7875,1,0
24369,1,0
18412,0,0
9030,0,0
7333,0,0
15316,0,0
26258,0,0
8235,1,0
10061,0,0
18406,0,0
15588,0,0
3719,0,0
15820,0,0
25849,0,0
22713,0,0
30161,0,0
25430,0,0
26231,0,0
11502,0,0
7558,0,0
1656,1,0
8657,0,0
23002,0,0
16086,0,0
6424,0,0
17062,0,0
18345,1,1
14261,0,0
30138,1,0
27533,0,0
26551,0,1
1078,0,1
5659,1,0
13961,0,1
15015,0,0
1970,0,0
26901,0,0
8800,0,0
3581,1,0
18172,1,1
12924,0,0
21819,0,0
26202,0,0
22721,0,0
5364,0,0
16146,0,0
15889,1,1
5463,0,0
17776,0,0
31220,0,0
28187,1,0
3036,0,0
31413,0,0
23576,0,0
14641,0,0
13969,0,0
26702,1,1
31668,0,0
30021,0,0
24597,0,0
30895,0,0
9988,1,1
5207,0,0
20234,0,0
31048,0,0
26963,0,0
24900,0,0
26136,1,0
15081,0,0
21789,0,0
16856,0,0
9481,0,0
2345,1,0
25299,0,0
15870,0,0
2514,1,1
15919,0,0
23645,0,0
23886,1,1
24524,1,0
4295,0,0
29781,1,1
1810,0,0
2389,1,0
12371,0,0
23331,0,0
11486,0,0
29929,1,0
22188,1,1
32533,1,0
10682,0,0
25626,1,0
15753,1,1
14157,1,0
1499,0,0
25932,0,0
1993,1,1
24428,0,0
6482,0,0
8399,0,0
29071,0,0
2444,1,0
13337,1,0
16563,1,1
21836,0,0
13120,0,0
22128,0,0
31833,0,0
18986,0,0
6355,0,0
8573,0,0
24145,0,0
14512,0,0
17408,1,0
29132,1,0
10657,0,0
23488,0,0
16792,0,0
26088,0,0
17893,1,1
16341,0,0
23360,0,0
21660,0,0
18189,0,0
3068,0,0
8027,0,0
15745,0,0
30612,0,0
21664,0,0
7428,1,1
5686,0,0
20085,0,0
24560,0,0
8762,0,0
27581,0,0
22573,0,0
13491,1,1
20636,1,1
17447,1,1
25504,0,1
11935,0,0
28315,0,0
31314,0,0
17231,0,0
15507,0,0
564,0,0
10563,0,0
18690,1,1
1221,1,1
25770,0,0
25381,0,0
25907,0,0
14239,0,0
15574,0,0
15123,0,0
30734,0,0
28333,0,0
6474,0,0
18868,0,0
19384,0,1
17463,0,0
28816,0,0
26246,0,0
25422,0,0
8131,1,0
31443,1,0
6307,1,1
19204,0,1
3112,1,1
32252,1,1
7945,0,0
27740,0,0
28024,0,0
26838,0,0
31409,0,0
10646,0,0
11231,0,0
27824,0,0
1577,0,1
22881,1,1
4951,0,0
7191,0,0
501,1,1
18669,0,0
11309,0,0
5247,0,1
1170,0,0
14029,0,0
22593,1,1
26001,0,0
4528,0,0
28654,0,0
18590,0,0
22604,1,1
31312,0,0
18860,0,0
24847,1,1
21275,1,1
28013,0,0
31639,0,0
24776,0,0
30647,0,0
27424,0,0
2333,0,0
3118,0,0
899,0,0
22539,0,0
1282,1,1
15445,0,0
6697,0,0
14960,0,0
11744,0,0
27967,0,1
9232,0,0
15416,0,0
6105,1,1
5069,0,0
25804,0,0
3934,0,0
16212,0,0
15435,0,0
9442,0,0
10693,0,0
1629,0,0
18761,0,0
9080,0,0
27729,1,0
30128,0,0
30875,0,0
737,1,0
15710,1,1
3758,0,0
9983,0,0
2268,1,1
4096,0,0
20275,0,0
4132,0,0
19201,1,1
29407,0,0
31498,0,0
22429,0,0
16964,0,0
65,0,1
23979,0,0
1570,1,0
17545,1,1
15699,0,0
24539,0,0
21532,0,0
4781,0,1
14739,1,0
635,1,1
3623,0,0
14742,0,0
30240,0,0
23055,0,0
15058,0,0
21490,0,0
7784,0,0
24708,0,0
4477,0,0
5279,0,0
28162,0,0
11327,0,0
11411,0,0
19236,0,1
24422,0,0
21250,0,0
7387,1,1
15011,0,0
25835,0,0
6283,1,1
14821,0,0
10451,0,0
19784,0,0
15495,1,0
857,0,0
13654,0,0
29725,0,0
6348,0,0
9858,0,0
8298,0,0
20354,0,0
15764,0,0
14759,0,0
28710,1,1
17017,0,0
17586,1,1
22611,0,0
17761,1,1
5947,0,0
22391,1,0
28684,0,0
8814,0,0
29978,1,0
7569,0,0
24772,0,0
30447,0,0
24034,0,0
27767,0,0
492,1,1
30203,0,0
24402,0,0
21140,0,0
26540,0,0
24778,0,0
15396,0,0
12327,1,1
16193,0,1
10761,0,0
32089,0,0
5818,0,0
5546,0,0
28427,0,0
6181,0,0
31522,0,0
29909,0,0
21680,0,0
30864,0,0
23275,1,1
6800,0,0
30033,0,0
23653,0,0
23624,0,0
8269,0,0
24366,0,0
1942,0,0
31888,0,0
1980,0,0
20977,1,0
32486,0,0
14372,0,0
6678,0,0
7208,1,1
32517,0,0
24960,0,0
3251,0,0
17690,0,0
12961,0,0
2251,1,1
7454,0,0
27005,0,0
23254,0,0
22317,0,0
10007,1,1
28693,0,0
17763,0,0
749,0,0
4272,0,0
13841,0,0
14057,0,0
17119,0,0
17958,1,1
2849,0,0
10110,0,0
28689,0,0
11497,0,0
27422,1,1
8303,1,1
26061,1,1
15744,1,1
8196,1,1
31643,0,0
27089,0,0
31162,0,0
19890,0,0
27801,0,0
24091,0,0
2221,0,0
26700,0,0
27032,1,1
2403,0,0
12901,0,0
4685,0,0
15433,0,0
29592,0,1
19935,1,1
31768,0,0
4751,0,0
19407,0,0
17337,0,0
14883,1,1
5303,1,1
25237,0,0
10932,0,0
12321,0,0
1839,1,1
8363,0,0
8393,0,0
26143,1,1
25337,1,1
13686,1,0
21267,0,1
6726,0,0
20552,0,0
5173,0,0
31216,0,0
19187,0,0
3205,0,0
11955,1,1
15171,0,0
9096,0,0
1886,0,0
10989,1,0
10475,1,1
29232,0,0
2827,0,0
4897,0,0
31149,1,1
20687,0,0
9400,0,0
11596,0,0
27816,1,1
17574,1,0
12191,0,0
29697,0,0
278,1,1
19067,0,0
15373,1,1
16705,0,0
14878,1,1
23415,1,0
16606,1,1
26616,0,0
10026,0,0
30964,0,0
1567,0,0
22293,1,0
3162,0,0
31711,0,0
7495,0,0
31770,0,0
24787,0,0
14884,0,0
5214,0,1
11298,0,0
402,1,1
25535,0,0
28470,0,0
17413,0,0
26015,0,0
15028,1,1
11389,1,0
32432,0,0
21583,0,0
7053,0,0
31526,0,0
173,1,1
9637,0,0
22210,0,0
25788,1,0
23991,0,0
31715,0,0
2837,0,0
28291,0,0
7160,0,0
21283,0,1
24859,0,0
21922,0,0
28549,0,0
2548,0,0
10813,0,0
16208,1,1
5666,1,0
22651,1,0
12604,0,0
26382,1,1
28873,0,0
31495,0,0
25776,0,0
24693,0,0
26673,0,0
3166,0,0
7506,0,0
31098,0,0
21070,0,0
5569,1,0
29620,0,0
30797,0,0
813,0,0
23932,1,1
26186,0,0
394,0,0
6199,0,0
14961,0,0
3481,0,0
8284,0,0
1754,0,1
19180,0,0
5449,0,0
24589,0,0
3737,0,0
9667,0,0
5848,0,0
10867,0,0
24985,1,1
1898,1,0
26846,0,0
14296,0,0
6258,0,0
24356,0,0
22564,0,0
12655,0,0
19833,0,0
31896,0,0
9386,0,0
9969,0,0
27088,0,1
29641,0,0
14696,0,0
18141,0,0
10405,1,1
27465,0,0
1615,0,0
19654,0,0
2708,1,0
2967,1,1
4185,1,1
22736,0,0
27036,0,0
11368,0,0
26919,0,0
25397,0,0
8969,0,0
24596,1,1
17224,0,0
21818,0,0
5257,0,0
28863,0,0
14294,0,0
9597,1,1
31380,0,0
30645,0,0
11167,0,0
14987,0,0
26547,1,0
7372,0,0
4044,0,0
24846,0,0
21578,0,0
20594,0,0
19731,0,1
13209,0,0
10690,0,0
19930,1,0
7555,0,0
1867,0,0
9784,0,0
11858,0,0
31638,0,0
21462,0,0
22660,1,0
5687,1,1
16300,1,1
23459,1,1
2335,0,0
25555,0,0
4302,1,0
24534,1,0
7591,0,0
18573,0,0
7702,0,0
6931,0,0
3784,0,0
14145,1,1
22525,0,0
23729,0,0
21397,0,0
29455,1,0
2352,1,1
3148,0,0
23635,0,0
7642,0,0
399,0,0
14635,1,0
1123,1,1
11536,1,1
8737,0,1
20891,0,1
15729,0,0
1396,0,0
10839,0,0
22758,0,0
6327,0,0
16677,0,0
21313,0,0
11941,0,0
2164,0,0
26892,0,0
23234,0,0
25719,0,0
25961,0,0
8604,0,0
3670,1,1
6112,1,1
12911,0,0
26876,0,0
29868,0,0
6082,0,0
22244,0,0
7764,1,1
9103,0,0
27302,1,0
25752,0,0
29179,1,1
6200,0,0
18651,0,0
25778,0,0
14262,0,0
7332,0,0
15462,1,1
795,0,0
27717,0,0
13462,1,1
8855,0,0
29111,0,0
12119,0,0
20426,1,0
24575,0,0
6804,1,0
28185,0,0
3130,1,1
16445,0,0
16513,1,1
9118,0,0
14901,1,1
22365,1,0
7631,0,0
8901,0,0
202,1,1
26609,0,0
10480,1,1
28984,0,0
25069,1,1
2649,0,1
16160,0,0
13923,1,1
32093,0,0
6459,1,0
31304,0,1
28438,1,1
24066,0,0
28874,1,1
9652,1,1
9239,0,0
25256,0,0
30626,0,0
31246,0,0
8382,0,0
12756,0,0
30148,0,0
27720,0,0
6253,0,0
18796,0,1
17166,0,0
31300,0,0
17458,0,0
23686,0,0
14042,0,0
9277,0,0
27446,0,0
13376,0,0
30329,1,1
30973,0,0
31045,0,0
12035,0,0
7285,0,0
30984,1,0
28881,0,0
17474,0,0
19895,0,1
8888,0,0
2897,0,1
17623,0,0
25368,0,0
1614,0,0
11920,0,0
26462,0,0
30197,0,0
32425,0,0
4893,0,0
20051,0,0
967,1,1
2106,0,0
10025,0,0
22223,1,0
16394,0,0
30907,0,1
6230,0,0
24633,0,0
29246,1,1
22663,1,1
32149,1,1
31052,0,0
8453,0,1
27472,0,0
15766,0,0
29478,1,1
1364,1,1
10043,0,0
13273,0,0
28756,0,0
15821,0,0
2735,0,0
15627,0,0
3248,0,0
28367,0,0
6693,0,0
7133,0,0
4235,0,0
22311,0,0
147,0,0
6808,0,0
11334,0,0
23923,0,0
14905,0,0
24909,0,0
8415,0,0
11779,0,0
16020,1,1
3787,0,0
28651,1,1
23490,0,0
31974,1,1
18058,1,1
2020,0,0
25859,0,0
9353,1,1
27067,0,0
4168,0,0
3246,1,1
14457,0,1
20595,0,0
10188,0,0
2961,0,0
30439,0,0
4965,0,0
26622,0,0
29775,1,0
24118,1,1
25372,0,0
21052,0,0
5573,1,1
30485,0,0
24314,1,1
23520,0,0
2790,0,0
32040,0,0
4904,0,0
27840,0,0
21841,0,0
24851,0,0
1703,0,1
26296,0,0
26036,0,0
21308,0,0
24857,0,0
25764,0,0
29406,1,0
15523,0,0
15252,0,0
30638,1,0
13791,0,0
928,1,1
2502,1,1
22208,0,0
23919,0,0
3060,0,1
14790,1,0
5836,0,0
3636,0,0
17814,0,0
24096,0,1
29624,0,0
23149,0,0
2832,0,0
11428,0,0
13636,1,1
26813,0,0
11959,0,0
32299,1,1
23540,0,0
22027,0,0
15468,0,0
23319,0,0
13931,1,0
28801,1,0
2730,1,0
15793,0,0
23140,0,0
1147,0,0
4439,0,0
23874,1,1
14743,0,0
4970,0,0
21665,0,0
17822,1,0
31743,0,0
22613,0,0
17850,0,0
4130,1,1
17137,1,1
27360,1,0
9215,0,0
9475,1,0
16117,1,1
1326,0,0
31056,0,0
12259,0,0
25908,1,1
18440,0,0
1514,0,1
15224,0,0
29832,0,0
24309,0,0
21831,0,1
3482,1,0
2900,1,1
21477,0,0
19955,1,0
11606,0,0
14886,0,0
8645,0,0
15795,0,0
10142,1,1
28110,1,1
5372,1,0
19527,1,0
15423,0,0
21457,0,0
8234,1,1
24336,0,0
25377,0,0
2400,0,1
8459,1,0
26536,1,1
8514,0,0
5055,1,0
26714,0,0
18732,0,1
6216,0,0
17919,1,1
6322,1,0
30976,1,0
3725,0,0
29817,0,0
8389,0,0
13392,0,0
30695,0,0
29329,0,1
30987,0,0
2929,0,0
15550,0,0
8097,0,0
20241,0,0
18105,0,0
22642,0,0
20097,0,0
17460,0,0
3142,0,0
9818,0,0
21016,0,0
12910,0,0
32074,0,0
20372,0,0
15644,0,0
28600,0,0
26980,1,1
1573,0,0
32160,0,0
7587,0,1
1726,0,0
27798,0,0
2074,0,0
27709,0,0
25297,0,0
19418,0,0
31230,0,0
16125,0,0
6556,1,0
18828,0,0
4548,0,0
12279,0,0
15598,0,0
18966,0,0
15968,0,0
21495,0,0
12893,0,0
22253,0,0
11230,1,1
30774,0,0
28366,0,0
7634,0,0
1951,0,0
24968,0,0
22,1,1
1883,1,1
6779,1,1
30149,0,0
20647,0,0
18353,1,1
24698,1,0
10669,0,0
24249,0,0
8956,0,0
7774,0,0
9733,0,0
31772,0,0
8678,0,0
26284,0,0
19906,0,0
20815,0,0
30112,0,0
28731,0,0
2942,0,0
28896,0,0
24844,0,0
32567,0,0
17155,0,0
24292,0,0
14342,0,0
14839,0,0
23194,0,0
18294,0,0
15724,0,0
1048,0,0
19994,0,0
24311,0,0
29892,0,0
16732,1,0
17556,0,0
3924,0,0
31516,0,0
20190,0,0
22207,1,0
10819,1,0
18811,0,0
31853,1,0
5319,1,0
18057,0,0
5023,1,1
20114,0,0
7359,0,0
21726,1,1
6297,0,0
16401,1,1
11262,1,1
2300,1,0
8397,1,0
13591,0,0
17563,1,1
563,0,0
18018,0,0
5601,0,0
5909,0,0
19362,0,0
23667,0,0
31830,0,0
23359,1,0
5346,0,0
22310,0,0
7494,0,0
21385,0,0
5494,0,0
23875,0,0
8889,0,1
4071,0,0
9563,0,0
15333,0,0
22184,0,0
21363,0,0
32232,0,0
27523,1,0
7852,0,0
21251,1,1
31759,0,0
6329,0,0
30594,0,0
